epoch,loss,iou
0,1.738124,0.722180
1,1.833951,0.699807
2,1.752311,0.697760
3,1.797230,0.710409
4,1.794121,0.710736
5,1.819829,0.676812
6,1.773779,0.700217
7,1.827639,0.701240
8,1.791298,0.709684
9,1.794552,0.680293
10,1.816455,0.693106
11,1.848505,0.685286
12,1.749596,0.702106
13,1.800979,0.696909
14,1.752437,0.696751
15,1.764959,0.666993
16,1.898881,0.709919
17,1.731752,0.686683
18,1.737575,0.703910
19,1.792232,0.673526
20,1.808651,0.714588
21,1.736793,0.704795
22,1.763094,0.727231
23,1.713405,0.712813
24,1.773853,0.735286
25,1.724729,0.724030
26,1.716305,0.694564
27,1.822144,0.685618
28,1.918223,0.677567
29,1.875710,0.682588
30,2.002854,0.700701
31,1.693895,0.675270
32,1.818793,0.699215
33,1.774047,0.678666
34,1.796229,0.712720
35,1.743840,0.708698
36,1.798715,0.703439
37,1.831462,0.704590
38,1.727566,0.707630
39,1.771661,0.707259
40,1.716591,0.709170
41,1.784312,0.709544
42,1.758893,0.717501
43,1.719404,0.720375
44,1.753701,0.679412
45,1.746506,0.689806
46,1.728999,0.699453
47,1.745032,0.704456
48,1.805393,0.684075
49,1.743164,0.675049
50,1.962113,0.698980
51,1.841196,0.650525
52,1.893182,0.716798
53,1.711373,0.716666
54,1.734909,0.710960
55,1.718425,0.689489
56,1.903644,0.707497
57,1.849374,0.719434
58,1.776709,0.721424
59,1.804598,0.710645
60,1.766769,0.707612
61,1.801026,0.728983
62,1.713300,0.675840
63,1.876989,0.658158
64,1.912165,0.670702
65,1.933729,0.714055
66,1.801167,0.694615
67,1.812526,0.703601
68,1.753830,0.709336
69,1.772905,0.702194
70,1.813480,0.709489
71,1.710059,0.712463
72,1.712903,0.715865
73,1.777910,0.713844
74,1.773822,0.726664
75,1.723867,0.700399
76,1.705306,0.720535
77,1.721074,0.716113
78,1.757479,0.701503
79,1.806537,0.721958
80,1.766039,0.715924
81,1.706690,0.715402
82,1.740104,0.706008
83,1.717184,0.710898
84,1.854791,0.732438
85,1.750933,0.717137
86,1.728475,0.709600
87,1.775596,0.698744
88,1.727211,0.685783
89,1.837837,0.682027
90,1.842430,0.690345
91,1.777611,0.677904
92,1.869665,0.648220
93,1.909209,0.688121
94,1.875140,0.727358
95,1.730928,0.725314
96,1.711841,0.720049
97,1.730579,0.714584
98,1.809936,0.709857
99,1.730724,0.697330
100,1.862091,0.705578
101,1.729086,0.699115
102,1.834337,0.699701
103,1.868211,0.701886
104,1.857885,0.722622
105,1.810174,0.709234
106,1.731162,0.695283
107,1.779416,0.717040
108,1.718217,0.698049
109,1.751632,0.680529
110,1.769960,0.707122
111,1.776624,0.712099
112,1.777932,0.724761
113,1.720523,0.710508
114,1.820922,0.710620
115,1.810689,0.707603
116,1.760938,0.708462
117,1.820712,0.707250
118,1.822801,0.712245
119,1.739214,0.718497
120,1.703943,0.710951
121,1.802493,0.711210
122,1.869610,0.691166
123,1.783418,0.701727
124,1.930763,0.698524
125,1.738356,0.621257
126,1.951361,0.696103
127,1.743165,0.695346
128,1.887049,0.725579
129,1.693648,0.682809
130,1.739593,0.663026
131,1.894150,0.707628
132,1.881225,0.671645
133,1.796427,0.692132
134,1.886736,0.709098
135,1.759344,0.682509
136,1.752622,0.702053
137,1.820538,0.720492
138,1.845101,0.687406
139,1.702501,0.679441
140,1.813435,0.685863
141,1.724990,0.654020
142,1.949055,0.723101
143,1.721416,0.715557
144,1.752649,0.711114
145,1.689883,0.711605
146,1.772748,0.723306
147,1.808226,0.699000
148,1.866006,0.676445
149,1.785460,0.713023
150,1.788099,0.721626
151,1.713377,0.723706
152,1.714393,0.713826
153,1.779428,0.728726
154,1.729613,0.717845
155,1.715831,0.680455
156,1.915157,0.718904
157,1.720905,0.670194
158,1.813182,0.716793
159,1.837713,0.649416
160,1.928567,0.720915
161,1.737882,0.707786
162,1.787774,0.700458
163,1.837016,0.722424
164,1.690493,0.702156
165,1.770414,0.715704
166,1.716562,0.718970
167,1.732151,0.714794
168,1.724909,0.708920
169,1.820688,0.701080
170,1.729041,0.704599
171,1.910960,0.687632
172,1.859205,0.682424
173,1.858190,0.720980
174,1.708065,0.695727
175,1.853294,0.731142
176,1.686537,0.707082
177,1.757336,0.709488
178,1.782689,0.722329
179,1.763091,0.716376
180,1.711953,0.699105
181,1.779854,0.694597
182,1.836055,0.697162
183,1.815828,0.678534
184,1.805610,0.684636
185,1.873597,0.671892
186,1.762161,0.688859
187,1.856224,0.682734
188,1.830053,0.663174
189,1.764024,0.706907
190,1.800964,0.707632
191,1.788963,0.707806
192,1.766802,0.692163
193,1.808228,0.684658
194,1.849528,0.718954
195,1.711160,0.717596
196,1.752488,0.702312
197,1.735245,0.686424
198,1.853892,0.706860
199,1.770834,0.725927
200,1.705128,0.720378
201,1.730980,0.727180
202,1.744292,0.728914
203,1.708417,0.717882
204,1.709013,0.661995
205,1.777555,0.738812
206,1.716707,0.707756
207,1.828246,0.710321
208,1.834999,0.690818
209,1.871873,0.690485
210,1.832894,0.699112
211,1.779150,0.675538
212,2.092238,0.712212
213,1.787036,0.671688
214,1.774032,0.697110
215,1.751662,0.713820
216,1.733929,0.714559
217,1.750603,0.712267
218,1.732621,0.718123
219,1.723921,0.709453
220,1.777598,0.709960
221,1.757026,0.697622
222,1.713090,0.692459
223,1.847416,0.712041
224,1.845941,0.695301
225,1.718412,0.703602
226,1.815561,0.727394
227,1.844595,0.715826
228,1.709785,0.709470
229,1.838401,0.721039
230,1.700702,0.717298
231,1.739253,0.729048
232,1.720493,0.715588
233,1.750540,0.714940
234,1.757235,0.703860
235,1.736231,0.728445
236,1.734697,0.708290
237,1.799026,0.723312
238,1.759651,0.717595
239,1.763770,0.712144
240,1.808606,0.672250
241,1.823417,0.677537
242,1.799105,0.634356
243,1.871284,0.685420
244,1.759558,0.709265
245,1.761525,0.709723
246,1.756884,0.701042
247,1.742161,0.724499
248,1.766685,0.723692
249,1.853131,0.681726
250,1.933107,0.685469
251,1.797699,0.622060
252,1.839816,0.711511
253,1.784125,0.696353
254,1.790099,0.690703
255,1.790931,0.692173
256,1.804919,0.672752
257,1.743699,0.690352
258,1.746568,0.703149
259,1.820420,0.702711
260,1.754387,0.718490
261,1.737892,0.715317
262,1.732404,0.706796
263,1.769794,0.702429
264,1.745124,0.715472
265,1.815198,0.703128
266,1.931415,0.683945
267,1.709994,0.670280
268,1.791012,0.699706
269,1.762079,0.645064
270,1.811100,0.704777
271,1.847527,0.648054
272,1.902202,0.700029
273,1.884995,0.676502
274,1.805527,0.713126
275,1.716518,0.697287
276,1.751795,0.707944
277,1.785382,0.710950
278,1.775771,0.705976
279,1.792319,0.725754
280,1.749881,0.728233
281,1.729219,0.725024
282,1.720220,0.719264
283,1.731176,0.724567
284,1.680917,0.721353
285,1.713352,0.720127
286,1.739333,0.735752
287,1.683576,0.719234
288,1.730467,0.724042
289,1.753079,0.726536
290,1.708159,0.705470
291,1.711548,0.705006
292,1.803716,0.712946
293,1.859949,0.683175
294,1.863953,0.696002
295,1.786940,0.668448
296,1.848040,0.683537
297,1.845081,0.649580
298,1.807686,0.654538
299,1.900495,0.702819
300,1.892105,0.663560
301,1.797300,0.664660
302,1.905846,0.710665
303,1.796793,0.722876
304,1.684790,0.706534
305,1.804696,0.688659
306,1.751780,0.715227
307,1.842544,0.629308
308,1.841400,0.701516
309,1.777295,0.716384
310,1.725778,0.681715
311,1.938936,0.697802
312,1.696609,0.694378
313,1.798994,0.722323
314,1.745160,0.716604
315,1.745869,0.704953
316,1.812849,0.712627
317,1.800803,0.714179
318,1.848234,0.712568
319,1.949740,0.730247
320,1.701651,0.707222
321,1.712608,0.709815
322,1.730749,0.712585
323,1.746669,0.713331
324,1.789886,0.678482
325,1.866419,0.683420
326,1.857742,0.674368
327,1.767181,0.682771
328,1.864827,0.704762
329,1.751513,0.705346
330,1.699981,0.717346
331,1.775416,0.691827
332,1.737775,0.701291
333,1.831483,0.728394
334,1.755482,0.705347
335,1.920221,0.720093
336,1.738314,0.652886
337,1.824297,0.657166
338,1.846379,0.699570
339,1.726525,0.723474
340,1.727131,0.730274
341,1.701104,0.717827
342,1.708943,0.718780
343,1.733109,0.694852
344,1.793751,0.689801
345,1.859775,0.730528
346,1.726747,0.698711
347,1.837913,0.716791
348,1.763834,0.715365
349,1.736452,0.724800
350,1.849736,0.695962
351,1.883283,0.690752
352,1.752633,0.701658
353,1.734178,0.702762
354,1.750406,0.723322
355,1.729040,0.712072
356,1.726771,0.729027
357,1.751158,0.719971
358,1.735788,0.710494
359,1.784833,0.723268
360,1.802869,0.682927
361,1.923443,0.697718
362,1.769454,0.715741
363,1.753463,0.725692
364,1.714718,0.708209
365,1.763721,0.713196
366,1.815993,0.691278
367,1.766421,0.668966
368,1.977670,0.697904
369,1.992458,0.696713
370,1.791431,0.720376
371,1.720258,0.721687
372,1.699489,0.716428
373,1.680389,0.705626
374,1.733596,0.719218
375,1.757713,0.684537
376,1.757930,0.714721
377,1.777374,0.712290
378,1.927827,0.668139
379,1.779096,0.694236
380,1.876607,0.705357
381,1.846450,0.710892
382,1.767626,0.706432
383,1.771130,0.708894
384,1.902204,0.678426
385,1.773940,0.694152
386,1.784124,0.718299
387,1.709484,0.728049
388,1.744574,0.721714
389,1.727702,0.720691
390,1.785154,0.713576
391,1.717304,0.714913
392,1.733810,0.716737
393,1.758838,0.693563
394,1.864411,0.718867
395,1.838447,0.719903
396,1.723433,0.697774
397,1.749107,0.714089
398,1.744291,0.672647
399,1.736069,0.696115
400,1.792975,0.687883
401,1.720292,0.698858
402,1.837939,0.713685
403,1.718740,0.701616
404,1.873680,0.663520
405,1.787649,0.682968
406,1.816654,0.655741
407,1.915900,0.728703
408,1.754226,0.671576
409,1.857848,0.699520
410,1.891326,0.716105
411,1.732664,0.710758
412,1.772288,0.719933
413,1.721790,0.714668
414,1.768528,0.714426
415,1.711829,0.690844
416,1.820033,0.712064
417,1.838533,0.706597
418,1.715942,0.699348
419,1.817067,0.694773
420,1.748567,0.714636
421,1.729535,0.721008
422,1.758179,0.717558
423,1.773895,0.700472
424,1.751880,0.682708
425,1.793979,0.695821
426,1.756059,0.723016
427,1.718150,0.688466
428,1.848431,0.700347
429,1.820257,0.732907
430,1.682707,0.723788
431,1.743643,0.731382
432,1.693668,0.719822
433,1.768501,0.689697
434,1.839841,0.675368
435,1.841743,0.677139
436,1.935596,0.696650
437,1.764216,0.694289
438,1.789072,0.716053
439,1.767616,0.724444
440,1.725500,0.726953
441,1.680101,0.718775
442,1.745429,0.711410
443,1.734483,0.705137
444,1.808910,0.701155
445,1.793080,0.703734
446,1.800193,0.696938
447,1.867643,0.664734
448,1.893809,0.719023
449,1.782561,0.710900
450,1.800758,0.717351
451,1.808351,0.719926
452,1.744559,0.679286
453,1.869786,0.704574
454,1.794440,0.705470
455,1.757908,0.697393
456,1.764008,0.712173
457,1.800417,0.728671
458,1.694308,0.700575
459,1.679594,0.698945
460,1.763534,0.705800
461,1.710619,0.663643
462,1.904468,0.717713
463,1.752189,0.702314
464,1.773945,0.710174
465,1.791915,0.705942
466,1.765462,0.715982
467,1.797930,0.720554
468,1.713754,0.720660
469,1.706373,0.710023
470,1.804621,0.717702
471,1.697325,0.714543
472,1.755693,0.717601
473,1.744565,0.716456
474,1.738045,0.652633
475,1.874975,0.670497
476,1.904120,0.717453
477,1.836401,0.710239
478,1.787974,0.707421
479,1.768355,0.700536
480,1.736114,0.717424
481,1.772256,0.697693
482,1.865166,0.707842
483,1.808137,0.708250
484,1.843659,0.723905
485,1.759498,0.702849
486,1.722101,0.705042
487,1.820006,0.710773
488,1.854361,0.724940
489,1.776531,0.688582
490,1.778592,0.708303
491,1.848028,0.721549
492,1.753965,0.709601
493,1.750959,0.695683
494,1.703770,0.689390
495,1.813621,0.703879
496,1.792958,0.698627
497,1.844154,0.715431
498,1.786176,0.722300
499,1.780091,0.708918
500,1.783383,0.728262
501,1.713823,0.712054
502,1.737373,0.720098
503,1.708900,0.693362
504,1.728930,0.712347
505,1.769820,0.697221
506,1.850155,0.686335
507,1.863971,0.700073
508,1.816434,0.706741
509,1.900364,0.668161
510,1.772835,0.702304
511,1.848614,0.707494
512,1.783355,0.698945
513,1.801741,0.665123
514,1.768487,0.694976
515,1.795355,0.665082
516,1.681604,0.700691
517,1.816409,0.718357
518,1.705777,0.711771
519,1.720943,0.716748
520,1.749682,0.713250
521,1.792691,0.703222
522,1.836638,0.707430
523,1.838351,0.711527
524,1.770529,0.726821
525,1.712400,0.717946
526,1.726160,0.722901
527,1.680464,0.714611
528,1.716949,0.710994
529,1.759678,0.709565
530,1.753105,0.707926
531,1.707458,0.703057
532,1.763122,0.714342
533,1.714665,0.725028
534,1.725588,0.718927
535,1.712695,0.711398
536,1.775966,0.691678
537,1.905065,0.700625
538,1.789890,0.711357
539,1.715394,0.721898
540,1.737946,0.722484
541,1.798608,0.645373
542,1.931518,0.688318
543,1.852251,0.688163
544,1.786114,0.654122
545,1.823711,0.690769
546,1.705817,0.683264
547,1.799068,0.722476
548,1.714383,0.698907
549,1.778085,0.708681
550,1.808348,0.703984
551,1.753979,0.719586
552,1.781984,0.716127
553,1.721349,0.725637
554,1.724923,0.733506
555,1.692624,0.719119
556,1.737608,0.728378
557,1.721313,0.725396
558,1.738857,0.695157
559,1.729682,0.664440
560,1.839338,0.703044
561,1.801590,0.727992
562,1.783346,0.708983
563,1.787058,0.669526
564,1.835363,0.702865
565,1.816222,0.703673
566,1.807807,0.705691
567,1.858557,0.695828
568,1.754669,0.711225
569,1.756517,0.705151
570,1.755708,0.696555
571,1.862561,0.713032
572,1.722549,0.708422
573,1.698312,0.663025
574,1.853212,0.690828
575,1.776117,0.697100
576,1.835535,0.728227
577,1.729655,0.706424
578,1.710473,0.696169
579,1.776639,0.692617
580,1.835942,0.707569
581,1.753537,0.695986
582,1.785040,0.724584
583,1.740894,0.724998
584,1.729446,0.722374
585,1.722496,0.721704
586,1.683607,0.729996
587,1.704149,0.724311
588,1.710425,0.724793
589,1.749067,0.727306
590,1.689224,0.701396
591,1.769281,0.680588
592,1.897925,0.681472
593,1.718788,0.672136
594,1.963887,0.696240
595,1.850487,0.694806
596,1.847071,0.690097
597,1.828109,0.699336
598,1.861232,0.713639
599,1.713921,0.720011
600,1.750454,0.726074
601,1.749114,0.716191
602,1.785377,0.715174
603,1.751893,0.724687
604,1.754459,0.716828
605,1.759567,0.706880
606,1.808064,0.725536
607,1.688496,0.697861
608,1.813814,0.716502
609,1.759216,0.720924
610,1.710816,0.715297
611,1.718288,0.714479
612,1.670456,0.715334
613,1.748380,0.729351
614,1.679924,0.721102
615,1.727038,0.688832
616,1.895900,0.702967
617,1.803437,0.686598
618,1.759767,0.724398
619,1.750868,0.716354
620,1.745695,0.681359
621,1.814204,0.699821
622,1.756915,0.697818
623,1.801344,0.721485
624,1.853548,0.724567
625,1.751845,0.728968
626,1.779034,0.702286
627,1.847765,0.697671
628,1.762992,0.682065
629,1.910723,0.690793
630,1.851326,0.731234
631,1.700038,0.726479
632,1.704413,0.728247
633,1.698857,0.725281
634,1.695547,0.714633
635,1.753471,0.728338
636,1.685226,0.710488
637,1.741723,0.698343
638,1.859215,0.686951
639,1.716061,0.682618
640,1.823760,0.653471
641,1.973689,0.704138
642,1.899056,0.739955
643,1.663148,0.723583
644,1.710101,0.729050
645,1.715195,0.722843
646,1.685293,0.713028
647,1.796001,0.724606
648,1.748889,0.715162
649,1.718486,0.666010
650,1.816533,0.664169
651,1.796634,0.690578
652,1.796467,0.687795
653,1.870614,0.697951
654,1.786266,0.721514
655,1.863776,0.719274
656,1.712355,0.715715
657,1.790346,0.721051
658,1.743573,0.701133
659,1.743846,0.710393
660,1.796371,0.728654
661,1.707473,0.715091
662,1.762799,0.724354
663,1.695093,0.710382
664,1.787568,0.702118
665,1.725527,0.724598
666,1.715842,0.709443
667,1.750196,0.716227
668,1.697712,0.718750
669,1.800650,0.719045
670,1.831506,0.688707
671,1.873528,0.673493
672,1.701259,0.678475
673,1.847243,0.720628
674,1.710467,0.699976
675,1.797514,0.689965
676,1.807264,0.717697
677,1.729333,0.726163
678,1.712640,0.719486
679,1.696743,0.710891
680,1.779654,0.713393
681,1.851954,0.691933
682,1.908787,0.706645
683,1.771838,0.704217
684,1.768341,0.706241
685,1.765309,0.693819
686,1.769106,0.681313
687,1.802343,0.730119
688,1.724454,0.717172
689,1.711885,0.722230
690,1.770325,0.710366
691,1.763988,0.681983
692,1.814642,0.693803
693,1.735476,0.667363
694,1.894354,0.717521
695,1.730739,0.715877
696,1.755552,0.721652
697,1.680647,0.713288
698,1.753154,0.734189
699,1.680915,0.719625
700,1.755244,0.716478
701,1.691248,0.713772
702,1.720749,0.700183
703,1.826236,0.666687
704,1.933222,0.711999
705,1.735555,0.692508
706,1.754451,0.667561
707,1.774319,0.684721
708,1.820884,0.723366
709,1.717939,0.714485
710,1.768795,0.715414
711,1.745307,0.707473
712,1.743363,0.688150
713,1.823391,0.690258
714,1.826141,0.670507
715,1.906453,0.710518
716,1.718615,0.726717
717,1.749603,0.703588
718,1.846641,0.725247
719,1.813178,0.728615
720,1.720022,0.719622
721,1.795384,0.727110
722,1.705008,0.674106
723,1.778314,0.691831
724,1.805962,0.714945
725,1.714403,0.713826
726,1.690059,0.713945
727,1.777616,0.724233
728,1.734950,0.711214
729,1.813514,0.714481
730,1.796272,0.665530
731,1.844709,0.630148
732,1.870616,0.716201
733,1.716000,0.720463
734,1.694687,0.719203
735,1.758784,0.713532
736,1.729270,0.665608
737,1.908088,0.722243
738,1.780481,0.664320
739,1.757843,0.682974
740,1.854152,0.711541
741,1.714807,0.708110
742,1.814645,0.708680
743,1.665190,0.690163
744,1.851230,0.687292
745,1.756124,0.687613
746,1.921337,0.723792
747,1.730168,0.706443
748,1.808123,0.717755
749,1.755920,0.720596
750,1.706129,0.720070
751,1.756331,0.704854
752,1.709434,0.703284
753,1.730158,0.695792
754,1.742466,0.716660
755,1.730776,0.713100
756,1.816824,0.696771
757,1.775077,0.690061
758,1.777553,0.660660
759,1.787118,0.634032
760,1.922506,0.716377
761,1.735331,0.714052
762,1.782517,0.728545
763,1.716362,0.703182
764,1.819056,0.719854
765,1.727208,0.711340
766,1.847440,0.723085
767,1.762521,0.721146
768,1.755319,0.734793
769,1.681406,0.720550
770,1.707483,0.724810
771,1.706046,0.725513
772,1.685348,0.725850
773,1.694955,0.720336
774,1.734666,0.722231
775,1.705398,0.722401
776,1.727637,0.725529
777,1.723843,0.724801
778,1.703499,0.703655
779,1.773819,0.692468
780,1.864957,0.662157
781,2.069729,0.721348
782,1.822514,0.727246
783,1.729444,0.701082
784,1.767653,0.695656
785,1.865952,0.697335
786,1.821585,0.667045
787,1.853973,0.714813
788,1.731671,0.716169
789,1.760791,0.714897
790,1.790078,0.715810
791,1.851825,0.734504
792,1.677779,0.720852
793,1.714110,0.714404
794,1.781038,0.719163
795,1.723664,0.702507
796,1.730020,0.716773
797,1.809592,0.707889
798,1.807651,0.720518
799,1.739860,0.716185
800,1.814172,0.689574
801,1.745391,0.674702
802,1.819542,0.689419
803,1.858753,0.666902
804,1.967194,0.717074
805,1.842482,0.732826
806,1.703295,0.710410
807,1.755905,0.690146
808,1.720806,0.731234
809,1.756090,0.726151
810,1.707875,0.732669
811,1.683555,0.729616
812,1.685614,0.731147
813,1.688133,0.728675
814,1.696122,0.729090
815,1.697434,0.721718
816,1.720060,0.715367
817,1.753166,0.715499
818,1.700246,0.666732
819,1.732539,0.662087
820,2.016888,0.668729
821,1.736813,0.628133
822,1.865770,0.729761
823,1.765585,0.701548
824,1.774084,0.637912
825,1.764550,0.720624
826,1.684070,0.717415
827,1.741885,0.726450
828,1.698095,0.727024
829,1.729446,0.702690
830,1.798312,0.708820
831,1.706120,0.686530
832,1.825663,0.717437
833,1.864319,0.694724
834,1.761114,0.680856
835,1.841773,0.702927
836,1.706249,0.685201
837,1.737417,0.685360
838,1.814081,0.691414
839,1.873571,0.693135
840,1.798283,0.716041
841,1.780565,0.684305
842,1.701025,0.706610
843,1.823427,0.709149
844,1.729118,0.723063
845,1.689232,0.719022
846,1.695241,0.722271
847,1.728349,0.725887
848,1.759057,0.721402
849,1.712567,0.700609
850,1.769212,0.684103
851,1.729933,0.673232
852,1.777051,0.701289
853,1.834792,0.709530
854,1.766603,0.700555
855,1.889766,0.688819
856,1.833043,0.702470
857,1.809647,0.700119
858,1.731864,0.708578
859,1.728411,0.719083
860,1.720616,0.716800
861,1.714191,0.709433
862,1.739919,0.709452
863,1.711776,0.701741
864,1.905408,0.697160
865,1.801445,0.724766
866,1.720772,0.720689
867,1.718813,0.721270
868,1.742276,0.729700
869,1.652871,0.719517
870,1.738808,0.728381
871,1.665943,0.714972
872,1.763211,0.736002
873,1.716059,0.727711
874,1.669877,0.716218
875,1.732040,0.723129
876,1.705501,0.695087
877,1.864309,0.720875
878,1.816769,0.708278
879,1.871796,0.692554
880,1.820226,0.708702
881,1.791388,0.690747
882,1.716761,0.701258
883,1.782340,0.705365
884,1.703669,0.721644
885,1.753330,0.702963
886,1.853590,0.716357
887,1.827365,0.694651
888,1.771942,0.689103
889,1.824292,0.730461
890,1.647507,0.711350
891,1.767222,0.712706
892,1.739801,0.700017
893,1.838579,0.674603
894,1.773947,0.673666
895,1.894953,0.718881
896,1.768469,0.737648
897,1.743590,0.732416
898,1.676767,0.716098
899,1.693702,0.709238
900,1.741833,0.724772
901,1.734007,0.724599
902,1.785089,0.684478
903,1.850107,0.696031
904,1.796180,0.711619
905,1.786380,0.707224
906,1.774071,0.732669
907,1.695309,0.719330
908,1.721041,0.726676
909,1.699684,0.716513
910,1.750083,0.708538
911,1.891982,0.716467
912,1.805111,0.716350
913,1.786144,0.728656
914,1.751779,0.709373
915,1.819344,0.724087
916,1.790860,0.667629
917,1.705481,0.695400
918,1.828697,0.720149
919,1.795259,0.712198
920,1.729210,0.717660
921,1.740712,0.713588
922,1.741786,0.694604
923,1.772964,0.707143
924,1.737968,0.710751
925,1.758054,0.666549
926,1.759580,0.680011
927,1.843897,0.689519
928,1.737980,0.614155
929,1.837968,0.742086
930,1.706394,0.718346
931,1.713039,0.705063
932,1.765050,0.731459
933,1.678745,0.713942
934,1.757126,0.701248
935,1.817479,0.708171
936,1.770854,0.712905
937,1.769530,0.728924
938,1.697601,0.725740
939,1.688912,0.717224
940,1.712655,0.723270
941,1.684863,0.713036
942,1.718788,0.717892
943,1.696341,0.714982
944,1.779200,0.716554
945,1.818885,0.693474
946,1.788326,0.706514
947,1.850874,0.723949
948,1.741057,0.712592
949,1.796493,0.698550
950,1.792614,0.676986
951,1.849301,0.712407
952,1.718987,0.692838
953,1.765809,0.716864
954,1.745757,0.713301
955,1.756770,0.724736
956,1.680763,0.699517
957,1.744125,0.718324
958,1.721796,0.712734
959,1.746033,0.718849
960,1.707152,0.728410
961,1.724614,0.707542
962,1.750669,0.664751
963,1.830892,0.712268
964,1.808696,0.676386
965,1.815474,0.685740
966,1.779576,0.679058
967,1.842888,0.712128
968,1.753286,0.695256
969,1.763050,0.671226
970,1.895733,0.690973
971,1.844934,0.719106
972,1.728106,0.716385
973,1.682364,0.706401
974,1.683561,0.711397
975,1.769167,0.703931
976,1.916336,0.696329
977,1.759035,0.670157
978,1.733878,0.707998
979,1.719597,0.709357
980,1.720333,0.710010
981,1.723347,0.715050
982,1.904221,0.709976
983,1.854683,0.707029
984,1.741342,0.723254
985,1.685687,0.731748
986,1.675718,0.723989
987,1.697462,0.731004
988,1.674831,0.726180
989,1.703569,0.709199
990,1.737763,0.697694
991,1.839864,0.697330
992,1.771756,0.705000
993,1.836712,0.720374
994,1.785878,0.714577
995,1.751074,0.713168
996,1.737156,0.715921
997,1.768344,0.701583
998,1.799315,0.706998
999,1.718531,0.707746
1000,1.875205,0.698844
1001,1.774060,0.725688
1002,1.703065,0.737503
1003,1.660789,0.721606
1004,1.724726,0.728500
1005,1.687812,0.724321
1006,1.758801,0.734013
1007,1.681924,0.709107
1008,1.691677,0.721700
1009,1.749374,0.721583
1010,1.687916,0.722505
1011,1.757060,0.714245
1012,1.789420,0.648350
1013,1.899268,0.669947
1014,1.890653,0.693591
1015,1.715629,0.655588
1016,1.788664,0.728975
1017,1.701635,0.716401
1018,1.716386,0.729752
1019,1.698886,0.716123
1020,1.743231,0.711055
1021,1.784841,0.716986
1022,1.750950,0.704158
1023,1.687647,0.699053
1024,1.717581,0.694321
1025,1.800744,0.713497
1026,1.850768,0.681720
1027,1.903030,0.681666
1028,1.776568,0.684220
1029,1.865180,0.702149
1030,1.729754,0.720153
1031,1.707598,0.718213
1032,1.718378,0.724436
1033,1.703659,0.721272
1034,1.715242,0.707809
1035,1.695956,0.702609
1036,1.876025,0.715360
1037,1.799783,0.706648
1038,1.751048,0.704288
1039,1.854578,0.674282
1040,1.889925,0.694892
1041,1.784349,0.703667
1042,1.801496,0.721927
1043,1.681547,0.717038
1044,1.725911,0.718488
1045,1.702346,0.724070
1046,1.673421,0.718707
1047,1.761808,0.722469
1048,1.825006,0.678001
1049,1.832998,0.686667
1050,1.943525,0.719279
1051,1.704108,0.722122
1052,1.701082,0.722361
1053,1.745087,0.695241
1054,1.861753,0.703964
1055,1.797714,0.696081
1056,1.843600,0.698434
1057,1.780039,0.730115
1058,1.708746,0.703269
1059,1.718585,0.708283
1060,1.700177,0.710804
1061,1.745498,0.713005
1062,1.788160,0.718104
1063,1.801313,0.703877
1064,1.938120,0.702099
1065,1.792902,0.708001
1066,1.838598,0.707853
1067,1.845950,0.701385
1068,1.784909,0.646550
1069,1.771885,0.705626
1070,1.759652,0.730333
1071,1.726584,0.683107
1072,1.757133,0.723159
1073,1.788899,0.726986
1074,1.756222,0.679676
1075,1.869068,0.690070
1076,1.831425,0.708679
1077,1.718921,0.731667
1078,1.744287,0.725293
1079,1.750536,0.721848
1080,1.716963,0.696850
1081,1.763599,0.687206
1082,1.773729,0.720650
1083,1.742106,0.715862
1084,1.779505,0.720369
1085,1.718588,0.675385
1086,1.847619,0.717775
1087,1.683679,0.708351
1088,1.692124,0.724122
1089,1.704949,0.723777
1090,1.671726,0.711288
1091,1.717041,0.728191
1092,1.805060,0.732020
1093,1.691736,0.707217
1094,1.823008,0.706513
1095,1.818017,0.705805
1096,1.802527,0.721979
1097,1.749478,0.726647
1098,1.786335,0.710174
1099,1.788635,0.686521
1100,1.779525,0.711363
1101,1.677464,0.709998
1102,1.741182,0.695605
1103,1.718908,0.708887
1104,1.751845,0.715967
1105,1.787282,0.736345
1106,1.697588,0.711459
1107,1.689354,0.720591
1108,1.709799,0.709610
1109,1.760086,0.677466
1110,1.767257,0.659937
1111,1.865408,0.652783
1112,1.952536,0.708874
1113,1.891326,0.597548
1114,1.926300,0.712298
1115,1.864697,0.715603
1116,1.797010,0.685671
1117,1.892038,0.725022
1118,1.728195,0.720092
1119,1.754962,0.728510
1120,1.683482,0.696173
1121,1.697696,0.682525
1122,1.796418,0.731764
1123,1.740383,0.719346
1124,1.740684,0.712648
1125,1.732710,0.693071
1126,1.827696,0.716086
1127,1.701129,0.657348
1128,1.809030,0.692331
1129,1.884377,0.702560
1130,1.761878,0.728054
1131,1.686009,0.708911
1132,1.768337,0.722767
1133,1.759206,0.709305
1134,1.780054,0.715882
1135,1.797395,0.706865
1136,1.771138,0.714006
1137,1.746385,0.710343
1138,1.703933,0.718501
1139,1.731541,0.721665
1140,1.710507,0.727565
1141,1.704940,0.712555
1142,1.696909,0.715706
1143,1.766615,0.714183
1144,1.690133,0.707840
1145,1.706578,0.719201
1146,1.752701,0.726150
1147,1.774808,0.704295
1148,1.855762,0.697628
1149,1.730620,0.724340
1150,1.690375,0.714859
1151,1.731251,0.723571
1152,1.683237,0.710414
1153,1.767638,0.722362
1154,1.745417,0.711426
1155,1.699370,0.709936
1156,1.766133,0.723921
1157,1.682077,0.691715
1158,1.926524,0.706326
1159,1.803008,0.676375
1160,1.873232,0.687961
1161,1.719000,0.669831
1162,1.831434,0.717759
1163,1.719154,0.689707
1164,1.758076,0.681878
1165,1.767328,0.700658
1166,1.839671,0.648288
1167,1.772284,0.734020
1168,1.754952,0.704156
1169,1.784168,0.698164
1170,1.737459,0.713413
1171,1.740860,0.708320
1172,1.713342,0.681851
1173,1.795680,0.718210
1174,1.691076,0.691740
1175,1.782159,0.712399
1176,1.693998,0.706520
1177,1.779654,0.702543
1178,1.959441,0.690433
1179,1.870438,0.713058
1180,1.737096,0.730464
1181,1.668774,0.720069
1182,1.680359,0.718405
1183,1.719358,0.721216
1184,1.709961,0.727275
1185,1.661077,0.717595
1186,1.726282,0.735092
1187,1.661987,0.707204
1188,1.779759,0.709682
1189,1.757487,0.684838
1190,1.724503,0.684264
1191,1.847453,0.700727
1192,1.776372,0.681465
1193,1.840500,0.714319
1194,1.806924,0.701841
1195,1.780619,0.692084
1196,1.889320,0.708072
1197,1.875835,0.721220
1198,1.702741,0.719187
1199,1.726034,0.725625
1200,1.690276,0.724031
1201,1.692157,0.724510
1202,1.724334,0.725525
1203,1.755564,0.717886
1204,1.733363,0.661660
1205,1.768973,0.680806
1206,1.837399,0.685943
1207,1.699009,0.699055
1208,1.781823,0.739471
1209,1.702180,0.709398
1210,1.753711,0.710393
1211,1.802103,0.717670
1212,1.833894,0.727338
1213,1.664867,0.703678
1214,1.770996,0.738504
1215,1.692592,0.722978
1216,1.660976,0.715219
1217,1.776823,0.716317
1218,1.752162,0.725235
1219,1.801903,0.604882
1220,1.768001,0.691387
1221,1.795458,0.670576
1222,1.835319,0.706349
1223,1.853607,0.709486
1224,1.704692,0.731329
1225,1.651524,0.712995
1226,1.740706,0.723164
1227,1.688255,0.725868
1228,1.720995,0.728278
1229,1.672868,0.713827
1230,1.757607,0.731986
1231,1.716187,0.712230
1232,1.766505,0.681298
1233,1.803482,0.670929
1234,1.871304,0.729350
1235,1.753993,0.713799
1236,1.821875,0.703599
1237,1.795622,0.680500
1238,1.863406,0.715332
1239,1.780463,0.724636
1240,1.795821,0.726786
1241,1.815781,0.694573
1242,1.786488,0.719400
1243,1.792393,0.688403
1244,1.740228,0.722431
1245,1.682733,0.712472
1246,1.727325,0.724586
1247,1.678967,0.717569
1248,1.748905,0.731005
1249,1.727750,0.721715
1250,1.692663,0.712560
1251,1.770978,0.710616
1252,1.819555,0.681456
1253,1.864685,0.700228
1254,1.695088,0.716602
1255,1.720601,0.722195
1256,1.715467,0.713476
1257,1.719919,0.726878
1258,1.652310,0.713126
1259,1.746630,0.713070
1260,1.762538,0.702367
1261,1.744784,0.705138
1262,1.722072,0.714553
1263,1.736555,0.722706
1264,1.757086,0.717470
1265,1.769656,0.696743
1266,1.861356,0.718275
1267,1.763577,0.717594
1268,1.771207,0.714390
1269,1.752540,0.694289
1270,1.906661,0.721108
1271,1.782091,0.714883
1272,1.723844,0.706696
1273,1.707570,0.696762
1274,1.711407,0.688617
1275,1.696770,0.712454
1276,1.831563,0.737069
1277,1.756363,0.683762
1278,1.875996,0.723419
1279,1.828586,0.719181
1280,1.735407,0.707287
1281,1.738196,0.727448
1282,1.748502,0.715056
1283,1.786927,0.693009
1284,1.744282,0.709886
1285,1.826472,0.728319
1286,1.693422,0.714145
1287,1.715038,0.704057
1288,1.715300,0.692589
1289,1.835724,0.723151
1290,1.684626,0.708568
1291,1.769618,0.694740
1292,1.772389,0.718649
1293,1.758640,0.691652
1294,1.873584,0.714296
1295,1.781256,0.735796
1296,1.686059,0.701899
1297,1.783709,0.727825
1298,1.712702,0.671043
1299,1.758599,0.727123
1300,1.747389,0.714037
1301,1.726639,0.729022
1302,1.669111,0.728820
1303,1.673629,0.730055
1304,1.711961,0.721911
1305,1.699815,0.693853
1306,1.892419,0.720310
1307,1.752006,0.672074
1308,1.850879,0.717340
1309,1.788620,0.708360
1310,1.771184,0.696683
1311,1.685104,0.727045
1312,1.745891,0.702621
1313,1.668761,0.709322
1314,1.740964,0.705065
1315,1.778745,0.736327
1316,1.684828,0.719689
1317,1.697159,0.690175
1318,1.787182,0.692330
1319,1.783183,0.700012
1320,1.842637,0.715887
1321,1.749133,0.674879
1322,1.703954,0.725939
1323,1.818193,0.718575
1324,1.703212,0.704445
1325,1.739422,0.720380
1326,1.695656,0.698084
1327,1.888368,0.717722
1328,1.806477,0.706903
1329,1.762858,0.735685
1330,1.716180,0.704712
1331,1.845038,0.720046
1332,1.873827,0.737155
1333,1.720361,0.700538
1334,1.717993,0.673488
1335,1.762840,0.699351
1336,1.831363,0.712942
1337,1.683904,0.712708
1338,1.742703,0.705059
1339,1.748604,0.718272
1340,1.798596,0.704525
1341,1.780774,0.719216
1342,1.711244,0.721217
1343,1.702496,0.718780
1344,1.726398,0.717525
1345,1.746984,0.699234
1346,1.804264,0.728187
1347,1.666116,0.720688
1348,1.729510,0.729676
1349,1.667733,0.723292
1350,1.709145,0.715118
1351,1.728853,0.703168
1352,1.792563,0.724509
1353,1.736635,0.708893
1354,1.718925,0.697996
1355,1.820756,0.697835
1356,1.717307,0.678770
1357,1.790358,0.724725
1358,1.712264,0.708745
1359,1.662114,0.688193
1360,1.781197,0.711106
1361,1.737034,0.719337
1362,1.763745,0.704849
1363,1.764295,0.669426
1364,1.884015,0.673523
1365,1.787207,0.714825
1366,1.732310,0.656528
1367,1.814498,0.731201
1368,1.678989,0.701966
1369,1.719274,0.724390
1370,1.758317,0.729754
1371,1.700708,0.704281
1372,1.713338,0.730868
1373,1.695780,0.721287
1374,1.667604,0.717037
1375,1.745402,0.718898
1376,1.798458,0.700047
1377,1.902892,0.720704
1378,1.770243,0.696104
1379,1.691497,0.725555
1380,1.714986,0.721835
1381,1.738613,0.712240
1382,1.779871,0.701029
1383,1.815440,0.707423
1384,1.676129,0.682089
1385,1.939581,0.691083
1386,1.882975,0.675056
1387,1.832574,0.717649
1388,1.758302,0.732005
1389,1.689357,0.712715
1390,1.742526,0.721290
1391,1.747541,0.724313
1392,1.736309,0.652206
1393,1.997825,0.718679
1394,1.728440,0.719478
1395,1.773839,0.711351
1396,1.696441,0.697586
1397,1.729675,0.700092
1398,1.742210,0.729480
1399,1.671466,0.714117
1400,1.721030,0.714497
1401,1.712756,0.726918
1402,1.725469,0.735859
1403,1.649651,0.721669
1404,1.704341,0.716329
1405,1.705351,0.715137
1406,1.748964,0.733267
1407,1.731257,0.705121
1408,1.715991,0.720140
1409,1.703057,0.715631
1410,1.718504,0.702512
1411,1.739634,0.726613
1412,1.707331,0.723275
1413,1.734016,0.712840
1414,1.835082,0.726138
1415,1.670331,0.723089
1416,1.766356,0.718485
1417,1.753747,0.690228
1418,1.838732,0.720133
1419,1.893680,0.701298
1420,1.823334,0.732488
1421,1.723399,0.732485
1422,1.728603,0.710949
1423,1.767536,0.682684
1424,1.825898,0.703656
1425,1.812460,0.679481
1426,1.645990,0.702234
1427,1.705271,0.699897
1428,1.730558,0.724076
1429,1.726095,0.719840
1430,1.741850,0.712644
1431,1.703339,0.692203
1432,1.787503,0.680221
1433,1.874227,0.713129
1434,1.832139,0.728704
1435,1.706797,0.718681
1436,1.682326,0.724324
1437,1.701373,0.718771
1438,1.692093,0.710933
1439,1.733194,0.706301
1440,1.713279,0.707538
1441,1.732984,0.692344
1442,1.927254,0.716124
1443,1.781343,0.721140
1444,1.676952,0.717140
1445,1.745000,0.701151
1446,1.800857,0.698614
1447,1.809501,0.723182
1448,1.712623,0.723100
1449,1.664266,0.711115
1450,1.706427,0.690194
1451,1.783153,0.705140
1452,1.698725,0.699386
1453,1.874927,0.712462
1454,1.803675,0.708261
1455,1.740422,0.710757
1456,1.719908,0.703596
1457,1.802539,0.708882
1458,1.640852,0.722394
1459,1.687431,0.725467
1460,1.717675,0.713484
1461,1.815550,0.713332
1462,1.676199,0.705370
1463,1.750370,0.721588
1464,1.814331,0.630976
1465,1.877674,0.736031
1466,1.706218,0.721746
1467,1.710724,0.718794
1468,1.739204,0.716220
1469,1.692869,0.674519
1470,1.710360,0.728036
1471,1.700591,0.677480
1472,1.896776,0.721236
1473,1.808322,0.713650
1474,1.820139,0.717012
1475,1.685762,0.708133
1476,1.712537,0.727049
1477,1.708635,0.694799
1478,1.737048,0.709747
1479,1.711623,0.664389
1480,1.784446,0.734581
1481,1.688082,0.722793
1482,1.688602,0.699823
1483,1.841371,0.668367
1484,1.830865,0.688822
1485,1.936551,0.620569
1486,1.805100,0.708548
1487,1.698830,0.714952
1488,1.777209,0.729239
1489,1.669038,0.717865
1490,1.714448,0.726787
1491,1.687885,0.727941
1492,1.667430,0.711132
1493,1.727314,0.689015
1494,1.857609,0.720045
1495,1.708573,0.715184
1496,1.744296,0.729575
1497,1.685860,0.694794
1498,1.790940,0.727192
1499,1.659572,0.703230
1500,1.813737,0.725742
1501,1.672427,0.713993
1502,1.729569,0.708209
1503,1.758251,0.722532
1504,1.708633,0.694935
1505,1.859838,0.706886
1506,1.866010,0.721584
1507,1.760593,0.675974
1508,1.794657,0.725357
1509,1.829314,0.705902
1510,1.746902,0.716649
1511,1.674318,0.725891
1512,1.672146,0.715531
1513,1.754846,0.710209
1514,1.784555,0.690554
1515,1.740565,0.681314
1516,1.811471,0.703149
1517,1.741243,0.706187
1518,1.769474,0.689138
1519,1.822510,0.705442
1520,1.751910,0.725722
1521,1.728928,0.727770
1522,1.694642,0.726291
1523,1.702124,0.739491
1524,1.666671,0.734509
1525,1.667627,0.717098
1526,1.736010,0.704907
1527,1.745394,0.678372
1528,1.935245,0.701176
1529,1.738417,0.665654
1530,1.789655,0.700769
1531,1.754502,0.689001
1532,1.904153,0.683551
1533,1.782592,0.722363
1534,1.678443,0.723715
1535,1.699621,0.713129
1536,1.730968,0.717818
1537,1.719103,0.725729
1538,1.733491,0.714228
1539,1.711252,0.714267
1540,1.747036,0.703332
1541,1.656057,0.710706
1542,1.765264,0.714318
1543,1.713869,0.717642
1544,1.798156,0.693854
1545,1.689266,0.682441
1546,1.810910,0.648992
1547,1.785797,0.716597
1548,1.852540,0.698655
1549,1.742522,0.732680
1550,1.815041,0.706053
1551,1.805907,0.710837
1552,1.737516,0.726022
1553,1.671352,0.721256
1554,1.679623,0.709829
1555,1.722250,0.705442
1556,1.751861,0.713145
1557,1.743879,0.701595
1558,1.794390,0.644706
1559,2.018579,0.700377
1560,1.773723,0.721037
1561,1.828442,0.714270
1562,1.780146,0.710837
1563,1.808362,0.702466
1564,1.771231,0.729805
1565,1.720146,0.744167
1566,1.650968,0.727850
1567,1.702517,0.735832
1568,1.669136,0.725716
1569,1.660065,0.717751
1570,1.741508,0.702758
1571,1.701467,0.699267
1572,1.771036,0.731266
1573,1.660003,0.715029
1574,1.734776,0.717627
1575,1.865950,0.704053
1576,1.707817,0.677680
1577,1.948056,0.690229
1578,1.826985,0.695827
1579,1.855498,0.712136
1580,1.718350,0.705528
1581,1.761956,0.721988
1582,1.703497,0.729604
1583,1.692956,0.715873
1584,1.674863,0.729184
1585,1.688875,0.723675
1586,1.745920,0.733898
1587,1.784413,0.696552
1588,1.739187,0.708061
1589,1.673095,0.705342
1590,1.757712,0.724406
1591,1.844581,0.707566
1592,1.718947,0.694914
1593,1.765955,0.725965
1594,1.714488,0.732995
1595,1.697036,0.718879
1596,1.741820,0.674487
1597,1.824388,0.668596
1598,1.788750,0.670486
1599,1.683090,0.691388
1600,1.788059,0.711593
1601,1.699526,0.723671
1602,1.685594,0.738331
1603,1.675014,0.723965
1604,1.684525,0.721637
1605,1.726170,0.703005
1606,1.837816,0.716909
1607,1.853015,0.671419
1608,1.841881,0.683692
1609,1.873430,0.729453
1610,1.683220,0.728919
1611,1.690540,0.726092
1612,1.671227,0.721169
1613,1.740805,0.725039
1614,1.712258,0.715647
1615,1.704359,0.726906
1616,1.671304,0.688843
1617,1.897993,0.707013
1618,1.644512,0.637182
1619,1.745205,0.670913
1620,1.858056,0.706811
1621,1.812536,0.671237
1622,1.751700,0.712237
1623,1.710131,0.676430
1624,1.716714,0.724347
1625,1.740309,0.710837
1626,1.743136,0.708977
1627,1.715954,0.716797
1628,1.664782,0.711761
1629,1.741339,0.718191
1630,1.728194,0.707316
1631,1.772730,0.703558
1632,1.717825,0.712235
1633,1.661116,0.696127
1634,1.788783,0.706521
1635,1.800040,0.707655
1636,1.738341,0.710290
1637,1.769737,0.738782
1638,1.652309,0.729370
1639,1.683651,0.726416
1640,1.684740,0.721459
1641,1.710423,0.721378
1642,1.763907,0.682265
1643,1.735396,0.726056
1644,1.768747,0.700611
1645,1.736940,0.692780
1646,1.709973,0.704746
1647,1.734019,0.711537
1648,1.670269,0.707026
1649,1.818672,0.685416
1650,1.795385,0.688692
1651,1.836507,0.708063
1652,1.711269,0.707853
1653,1.799236,0.714728
1654,1.811219,0.718161
1655,1.693867,0.710623
1656,1.779735,0.694947
1657,1.784651,0.684710
1658,1.796576,0.714703
1659,1.747382,0.657908
1660,1.773856,0.676403
1661,1.791276,0.724120
1662,1.684337,0.714988
1663,1.799266,0.717246
1664,1.676041,0.677659
1665,1.944801,0.723297
1666,1.746611,0.721609
1667,1.678262,0.699564
1668,1.715316,0.729233
1669,1.685387,0.728741
1670,1.695703,0.722066
1671,1.695782,0.719686
1672,1.718484,0.701451
1673,1.723747,0.649857
1674,1.791257,0.717155
1675,1.769612,0.721019
1676,1.724279,0.705004
1677,1.782134,0.716548
1678,1.689354,0.721274
1679,1.774282,0.709221
1680,1.668892,0.727675
1681,1.727810,0.710551
1682,1.838928,0.702088
1683,1.795867,0.721792
1684,1.647708,0.722351
1685,1.701159,0.719604
1686,1.658350,0.713418
1687,1.719932,0.731598
1688,1.684135,0.731333
1689,1.673942,0.721344
1690,1.692206,0.703517
1691,1.877806,0.695350
1692,1.848359,0.719323
1693,1.879246,0.680840
1694,1.831575,0.718314
1695,1.677744,0.715121
1696,1.680008,0.724336
1697,1.757741,0.705222
1698,1.671291,0.698677
1699,1.772498,0.721962
1700,1.710735,0.704934
1701,1.749646,0.706381
1702,1.725647,0.692672
1703,1.692032,0.716590
1704,1.710945,0.708176
1705,1.837986,0.689772
1706,1.771201,0.678104
1707,1.764229,0.696318
1708,1.876086,0.718620
1709,1.859407,0.712125
1710,1.716527,0.732503
1711,1.679324,0.694051
1712,1.728797,0.699241
1713,1.776465,0.703957
1714,1.694432,0.667296
1715,1.859567,0.702488
1716,1.770007,0.683448
1717,1.728745,0.676049
1718,1.715245,0.712995
1719,1.681222,0.669183
1720,1.776546,0.725857
1721,1.717554,0.731294
1722,1.674386,0.724248
1723,1.694529,0.715177
1724,1.778985,0.730607
1725,1.790517,0.709287
1726,1.673584,0.688146
1727,1.826904,0.694370
1728,1.789984,0.679513
1729,1.920453,0.683265
1730,1.776898,0.720456
1731,1.713289,0.694551
1732,1.732783,0.699162
1733,1.763910,0.694325
1734,1.688832,0.721143
1735,1.710931,0.709406
1736,1.716248,0.724399
1737,1.651529,0.716823
1738,1.723161,0.720362
1739,1.740075,0.726604
1740,1.711561,0.707824
1741,1.763199,0.696246
1742,1.755100,0.640231
1743,1.923197,0.705590
1744,1.833794,0.707073
1745,1.722558,0.712155
1746,1.711074,0.741717
1747,1.665902,0.718561
1748,1.728547,0.728528
1749,1.719276,0.723172
1750,1.706749,0.718835
1751,1.811924,0.672892
1752,1.702639,0.678117
1753,1.879062,0.714050
1754,1.730354,0.675915
1755,1.823474,0.722428
1756,1.709066,0.719996
1757,1.680079,0.724398
1758,1.685511,0.728710
1759,1.702430,0.720931
1760,1.776117,0.698412
1761,1.852772,0.678808
1762,1.879731,0.699869
1763,1.741446,0.715271
1764,1.790438,0.699827
1765,1.826282,0.710827
1766,1.776293,0.723809
1767,1.710859,0.694377
1768,1.762506,0.715167
1769,1.710029,0.733655
1770,1.669156,0.724164
1771,1.698220,0.708923
1772,1.716301,0.716861
1773,1.683834,0.702644
1774,1.756591,0.717713
1775,1.775305,0.717883
1776,1.804540,0.709474
1777,1.791735,0.708609
1778,1.814063,0.715380
1779,1.727883,0.695604
1780,1.798476,0.715836
1781,1.737214,0.725384
1782,1.714514,0.730371
1783,1.696131,0.693516
1784,1.793798,0.689933
1785,1.873256,0.708990
1786,1.756364,0.739869
1787,1.687449,0.733181
1788,1.641641,0.713779
1789,1.745024,0.688858
1790,1.671512,0.699863
1791,1.711772,0.718563
1792,1.786505,0.717178
1793,1.740122,0.696231
1794,1.726615,0.669237
1795,1.823444,0.655618
1796,1.820123,0.710866
1797,1.890538,0.732592
1798,1.668404,0.728328
1799,1.655880,0.704755
1800,1.773989,0.730490
1801,1.668843,0.720663
1802,1.707755,0.722419
1803,1.697363,0.724443
1804,1.690927,0.726217
1805,1.675019,0.721643
1806,1.755862,0.716282
1807,1.696397,0.725322
1808,1.700753,0.723957
1809,1.716800,0.715660
1810,1.786310,0.645560
1811,1.806156,0.681012
1812,2.013160,0.736551
1813,1.894792,0.708306
1814,1.691779,0.736016
1815,1.698971,0.730784
1816,1.688483,0.722765
1817,1.677340,0.706822
1818,1.742138,0.678766
1819,1.940533,0.716835
1820,1.689919,0.702680
1821,1.723898,0.710821
1822,1.710797,0.728904
1823,1.696070,0.730432
1824,1.662196,0.705219
1825,1.721139,0.716854
1826,1.742090,0.707367
1827,1.808375,0.703598
1828,1.905810,0.682042
1829,1.685121,0.720939
1830,1.793748,0.718334
1831,1.746428,0.703250
1832,1.877410,0.694849
1833,1.834970,0.690341
1834,1.760985,0.698089
1835,1.676960,0.704556
1836,1.767211,0.720802
1837,1.700767,0.732707
1838,1.696008,0.715048
1839,1.886647,0.723812
1840,1.742494,0.672104
1841,1.834082,0.716489
1842,1.766608,0.712603
1843,1.778960,0.724205
1844,1.669682,0.720187
1845,1.680124,0.725713
1846,1.695170,0.734044
1847,1.727691,0.699984
1848,1.749765,0.700466
1849,1.773003,0.695436
1850,1.811422,0.709261
1851,1.702590,0.696811
1852,1.792005,0.715522
1853,1.723433,0.726370
1854,1.706924,0.711460
1855,1.678592,0.719418
1856,1.705039,0.732223
1857,1.673615,0.701818
1858,1.782546,0.689212
1859,1.804045,0.668364
1860,1.861485,0.679947
1861,1.879763,0.696170
1862,1.697302,0.727297
1863,1.664572,0.729869
1864,1.666752,0.723778
1865,1.702736,0.728119
1866,1.713242,0.710638
1867,1.642738,0.706330
1868,1.764523,0.722114
1869,1.691215,0.729658
1870,1.687445,0.733443
1871,1.676617,0.718282
1872,1.727304,0.717238
1873,1.775172,0.707160
1874,1.816018,0.731167
1875,1.648851,0.717294
1876,1.708071,0.722496
1877,1.696499,0.703868
1878,1.798210,0.697073
1879,1.826625,0.736754
1880,1.676441,0.726395
1881,1.697751,0.722855
1882,1.693532,0.678653
1883,1.815125,0.725167
1884,1.832299,0.706670
1885,1.840397,0.692661
1886,1.979282,0.737323
1887,1.729584,0.717202
1888,1.697343,0.715315
1889,1.729356,0.726613
1890,1.679913,0.729026
1891,1.685937,0.714561
1892,1.747443,0.711930
1893,1.760424,0.704903
1894,1.752907,0.708095
1895,1.743936,0.716827
1896,1.848259,0.686964
1897,1.826257,0.728329
1898,1.757491,0.723442
1899,1.792274,0.720509
1900,1.769471,0.706906
1901,1.766684,0.740772
1902,1.779701,0.721912
1903,1.666912,0.704625
1904,1.677875,0.712399
1905,1.718856,0.724355
1906,1.708540,0.720254
1907,1.719820,0.738197
1908,1.730978,0.724660
1909,1.722876,0.731273
1910,1.688620,0.734119
1911,1.687564,0.736318
1912,1.651295,0.722317
1913,1.779659,0.723205
1914,1.747214,0.728298
1915,1.654937,0.710747
1916,1.733192,0.728283
1917,1.694919,0.721490
1918,1.708894,0.724825
1919,1.690205,0.717678
1920,1.714056,0.699942
1921,1.808274,0.657153
1922,1.889537,0.700941
1923,1.802744,0.690251
1924,1.755096,0.713973
1925,1.738058,0.691124
1926,1.735690,0.676037
1927,1.787236,0.719884
1928,1.697886,0.718916
1929,1.721399,0.742327
1930,1.681814,0.723237
1931,1.749653,0.691000
1932,1.691057,0.683281
1933,1.917656,0.669269
1934,1.687072,0.693039
1935,1.808508,0.667049
1936,1.749471,0.696489
1937,1.686402,0.712604
1938,1.797917,0.713160
1939,1.820536,0.698880
1940,1.874254,0.715376
1941,1.748682,0.722602
1942,1.659322,0.724025
1943,1.676047,0.728828
1944,1.719835,0.735868
1945,1.648191,0.715127
1946,1.710319,0.722252
1947,1.731872,0.731481
1948,1.656886,0.710169
1949,1.734939,0.714039
1950,1.732335,0.687087
1951,1.870418,0.673700
1952,1.645854,0.613867
1953,1.830538,0.707610
1954,1.773422,0.699467
1955,1.791625,0.726966
1956,1.676483,0.716294
1957,1.682864,0.707913
1958,1.760835,0.711536
1959,1.940315,0.723905
1960,1.719434,0.725905
1961,1.827353,0.677216
1962,1.739086,0.727909
1963,1.699947,0.695419
1964,1.759947,0.723673
1965,1.654423,0.724450
1966,1.735217,0.725484
1967,1.700886,0.703247
1968,1.793314,0.706104
1969,1.741721,0.708747
1970,1.763725,0.728145
1971,1.842754,0.693516
1972,1.718206,0.691104
1973,1.786924,0.697686
1974,1.821883,0.704183
1975,1.838001,0.707917
1976,1.684518,0.720883
1977,1.717904,0.728727
1978,1.760672,0.721896
1979,1.766858,0.702735
1980,1.722474,0.709745
1981,1.744104,0.698421
1982,1.838732,0.693414
1983,1.882254,0.726256
1984,1.741618,0.714884
1985,1.678188,0.706399
1986,1.788038,0.712561
1987,1.694374,0.721516
1988,1.761371,0.712949
1989,1.728400,0.715140
1990,1.797665,0.719517
1991,1.730288,0.727952
1992,1.641105,0.712487
1993,1.745519,0.728257
1994,1.620333,0.719714
1995,1.720366,0.725337
1996,1.652983,0.715119
1997,1.742115,0.741085
1998,1.654986,0.723936
1999,1.704013,0.722571
2000,1.733191,0.712084
2001,1.698565,0.679779
2002,1.818455,0.718772
2003,1.742977,0.709974
2004,1.703400,0.691338
2005,1.748039,0.701332
2006,1.735112,0.637076
2007,1.735350,0.663601
2008,1.796919,0.706498
2009,1.791463,0.719559
2010,1.766395,0.722274
2011,1.761785,0.694384
2012,1.761532,0.717743
2013,1.844455,0.718960
2014,1.706971,0.722175
2015,1.663920,0.713557
2016,1.715996,0.721563
2017,1.682255,0.716393
2018,1.772531,0.708657
2019,1.748881,0.728546
2020,1.738747,0.704277
2021,1.842136,0.719394
2022,1.860408,0.698381
2023,1.810856,0.712611
2024,1.886604,0.728171
2025,1.722316,0.739643
2026,1.803845,0.705090
2027,1.792809,0.700321
2028,1.694670,0.717769
2029,1.755998,0.734698
2030,1.653171,0.720728
2031,1.745884,0.711526
2032,1.712057,0.699925
2033,1.759181,0.704779
2034,1.779192,0.709731
2035,1.855227,0.700365
2036,1.793137,0.707810
2037,1.669778,0.722688
2038,1.742605,0.707229
2039,1.713195,0.709193
2040,1.706095,0.735666
2041,1.657711,0.730148
2042,1.684742,0.743160
2043,1.642058,0.724793
2044,1.662570,0.721352
2045,1.711460,0.726512
2046,1.708220,0.715949
2047,1.730587,0.683143
2048,1.802191,0.676181
2049,1.842326,0.691113
2050,1.786816,0.722550
2051,1.702024,0.711912
2052,1.818944,0.709365
2053,1.746976,0.720668
2054,1.745440,0.690206
2055,1.826679,0.699145
2056,1.746464,0.697409
2057,1.798126,0.667710
2058,1.857120,0.693919
2059,1.877457,0.709667
2060,1.724404,0.723647
2061,1.650848,0.715727
2062,1.747025,0.732751
2063,1.643473,0.726372
2064,1.697960,0.722887
2065,1.662698,0.723979
2066,1.785216,0.711448
2067,1.846561,0.676216
2068,1.734863,0.685082
2069,1.701090,0.650404
2070,1.764310,0.714219
2071,1.676165,0.698503
2072,1.756894,0.719684
2073,1.683219,0.697706
2074,1.729951,0.735064
2075,1.651921,0.724594
2076,1.739095,0.710228
2077,1.778101,0.706712
2078,1.724566,0.658224
2079,1.916098,0.719845
2080,1.764595,0.699530
2081,1.818069,0.655654
2082,1.830571,0.714016
2083,1.688806,0.734674
2084,1.674900,0.719525
2085,1.706601,0.714834
2086,1.765929,0.716885
2087,1.651522,0.721223
2088,1.707266,0.716963
2089,1.650269,0.718639
2090,1.715363,0.739630
2091,1.660264,0.725408
2092,1.682779,0.714644
2093,1.862784,0.723877
2094,1.752738,0.667270
2095,1.688973,0.690376
2096,1.787776,0.677296
2097,1.967564,0.701033
2098,1.798071,0.675504
2099,1.918919,0.709782
2100,1.776736,0.722598
2101,1.782715,0.701065
2102,1.758760,0.712192
2103,1.796343,0.725034
2104,1.737187,0.720930
2105,1.719591,0.704636
2106,1.761960,0.717360
2107,1.716585,0.721535
2108,1.758695,0.735377
2109,1.642294,0.722396
2110,1.709820,0.731963
2111,1.642456,0.729212
2112,1.691677,0.725479
2113,1.715487,0.700680
2114,1.657587,0.685535
2115,1.832002,0.732623
2116,1.706263,0.711231
2117,1.696934,0.659660
2118,1.975918,0.706043
2119,1.705546,0.661847
2120,1.861175,0.691564
2121,1.763407,0.728019
2122,1.716259,0.714236
2123,1.712917,0.725902
2124,1.702341,0.720683
2125,1.683087,0.724829
2126,1.698618,0.712820
2127,1.656059,0.721959
2128,1.727733,0.716869
2129,1.718439,0.726506
2130,1.756023,0.714845
2131,1.793521,0.712453
2132,1.784478,0.711888
2133,1.767839,0.740054
2134,1.668493,0.724328
2135,1.650627,0.724631
2136,1.693560,0.735818
2137,1.679662,0.729651
2138,1.637634,0.722292
2139,1.690607,0.724333
2140,1.690371,0.727515
2141,1.771055,0.715360
2142,1.744704,0.697234
2143,1.811252,0.622485
2144,1.832664,0.673977
2145,1.908072,0.690950
2146,1.687902,0.710659
2147,1.742236,0.694811
2148,1.754575,0.720979
2149,1.809583,0.724565
2150,1.698348,0.702944
2151,1.719853,0.723952
2152,1.728241,0.722691
2153,1.704927,0.721841
2154,1.694679,0.716675
2155,1.765115,0.724238
2156,1.696367,0.687073
2157,1.802044,0.694923
2158,1.740488,0.737515
2159,1.777641,0.727200
2160,1.756178,0.689655
2161,1.836986,0.706869
2162,1.794458,0.726294
2163,1.714480,0.702637
2164,1.779677,0.714537
2165,1.704281,0.693319
2166,1.762860,0.697118
2167,1.768602,0.704198
2168,1.889948,0.737247
2169,1.698498,0.723174
2170,1.679361,0.716089
2171,1.695782,0.725906
2172,1.688046,0.726164
2173,1.648156,0.725011
2174,1.703608,0.735976
2175,1.643977,0.721510
2176,1.734086,0.735749
2177,1.649060,0.721700
2178,1.690783,0.726309
2179,1.747550,0.731667
2180,1.661307,0.724855
2181,1.683557,0.668208
2182,1.769511,0.736422
2183,1.673127,0.721625
2184,1.863273,0.697543
2185,1.872334,0.710516
2186,1.708936,0.724634
2187,1.667347,0.731373
2188,1.700603,0.730902
2189,1.645582,0.737333
2190,1.682441,0.734265
2191,1.645518,0.732795
2192,1.675181,0.736821
2193,1.663293,0.725393
2194,1.689380,0.722277
2195,1.689395,0.723988
2196,1.692645,0.729607
2197,1.729019,0.702241
2198,1.665395,0.717635
2199,1.773194,0.734596
2200,1.723012,0.704043
2201,1.809218,0.662870
2202,1.791230,0.628517
2203,1.897153,0.717838
2204,1.712838,0.709271
2205,1.820882,0.631201
2206,1.732632,0.672996
2207,1.911763,0.692046
2208,1.724347,0.697425
2209,1.795710,0.730748
2210,1.762332,0.734668
2211,1.637592,0.718432
2212,1.711890,0.718677
2213,1.750697,0.730112
2214,1.630998,0.713766
2215,1.688736,0.736851
2216,1.669773,0.707230
2217,1.710450,0.701447
2218,1.660962,0.705738
2219,1.770072,0.701076
2220,1.804283,0.657011
2221,1.815954,0.698466
2222,1.789148,0.718143
2223,1.823940,0.736951
2224,1.702840,0.724519
2225,1.727601,0.704728
2226,1.802608,0.712846
2227,1.686170,0.718161
2228,1.700227,0.731108
2229,1.700200,0.737898
2230,1.653467,0.722014
2231,1.748187,0.692884
2232,1.833106,0.714564
2233,1.759518,0.726745
2234,1.692898,0.721506
2235,1.798513,0.724383
2236,1.783942,0.730756
2237,1.726729,0.718358
2238,1.722487,0.694336
2239,1.762658,0.724476
2240,1.658577,0.724272
2241,1.667501,0.710097
2242,1.731373,0.719095
2243,1.690401,0.720600
2244,1.740770,0.731055
2245,1.724251,0.684027
2246,1.802429,0.693810
2247,1.896721,0.718716
2248,1.765705,0.717577
2249,1.686925,0.727660
2250,1.684200,0.720738
2251,1.719490,0.722214
2252,1.679897,0.724747
2253,1.718652,0.734206
2254,1.696319,0.712850
2255,1.721452,0.696965
2256,1.691864,0.728851
2257,1.673986,0.707687
2258,1.694988,0.718832
2259,1.768499,0.732944
2260,1.704639,0.697610
2261,1.774348,0.670316
2262,1.754912,0.672564
2263,1.814911,0.629747
2264,1.888992,0.703194
2265,1.871669,0.707334
2266,1.800770,0.648432
2267,1.737667,0.661099
2268,1.774016,0.710755
2269,1.716051,0.707805
2270,1.726955,0.725238
2271,1.671456,0.689819
2272,1.832545,0.721434
2273,1.788114,0.706926
2274,1.748562,0.714024
2275,1.688833,0.711477
2276,1.678546,0.706533
2277,1.744564,0.730028
2278,1.656448,0.715734
2279,1.667977,0.715173
2280,1.716951,0.726926
2281,1.764185,0.738449
2282,1.720162,0.725320
2283,1.782384,0.687809
2284,1.725771,0.690656
2285,1.739811,0.694794
2286,1.768355,0.704089
2287,1.842004,0.720719
2288,1.743351,0.710571
2289,1.663392,0.719981
2290,1.666650,0.718125
2291,1.730906,0.705300
2292,1.758775,0.707323
2293,1.661820,0.700300
2294,1.812122,0.702966
2295,1.795031,0.707984
2296,1.651198,0.744222
2297,1.661200,0.731940
2298,1.659410,0.732916
2299,1.697695,0.733226
2300,1.678252,0.728501
2301,1.740200,0.709849
2302,1.834477,0.700274
2303,1.711746,0.715793
2304,1.775906,0.685798
2305,1.731950,0.683334
2306,1.869177,0.738136
2307,1.662176,0.727437
2308,1.769058,0.695840
2309,1.825006,0.694131
2310,1.781339,0.687105
2311,1.868743,0.740505
2312,1.684712,0.719030
2313,1.740557,0.703571
2314,1.679180,0.695868
2315,1.720656,0.690023
2316,1.886147,0.720662
2317,1.874644,0.733380
2318,1.737286,0.685094
2319,1.775004,0.724091
2320,1.780595,0.702145
2321,1.842466,0.713334
2322,1.699232,0.729903
2323,1.743946,0.731624
2324,1.724504,0.714298
2325,1.680592,0.718147
2326,1.699830,0.723100
2327,1.700626,0.735604
2328,1.669624,0.730291
2329,1.640140,0.718513
2330,1.706143,0.726318
2331,1.676399,0.730139
2332,1.693247,0.725199
2333,1.814485,0.709443
2334,1.859203,0.686885
2335,1.768918,0.688068
2336,1.758667,0.707567
2337,1.790918,0.684958
2338,1.807319,0.701239
2339,1.734967,0.671223
2340,1.694782,0.688106
2341,1.729089,0.701165
2342,1.784403,0.703693
2343,1.755698,0.731982
2344,1.701188,0.712244
2345,1.838003,0.681845
2346,1.740385,0.707358
2347,1.818833,0.715684
2348,1.759911,0.717286
2349,1.654711,0.696141
2350,1.774893,0.652843
2351,1.760548,0.655326
2352,1.734371,0.694210
2353,1.735445,0.678728
2354,1.767023,0.710217
2355,1.771714,0.732798
2356,1.710002,0.721938
2357,1.700106,0.713316
2358,1.690841,0.726209
2359,1.651228,0.713155
2360,1.767352,0.727854
2361,1.753000,0.715046
2362,1.774586,0.690154
2363,1.700301,0.693100
2364,1.841925,0.699218
2365,1.667720,0.712515
2366,1.752122,0.717996
2367,1.825536,0.714680
2368,1.688310,0.727521
2369,1.655299,0.717011
2370,1.780687,0.725381
2371,1.717389,0.722152
2372,1.681531,0.719219
2373,1.712049,0.667767
2374,1.865118,0.701326
2375,1.853220,0.701585
2376,1.810268,0.703169
2377,1.679561,0.722884
2378,1.727334,0.720004
2379,1.666460,0.730985
2380,1.661365,0.726256
2381,1.718975,0.732755
2382,1.673860,0.720863
2383,1.710287,0.680288
2384,1.721248,0.706150
2385,1.752367,0.703215
2386,1.676394,0.720853
2387,1.671491,0.691627
2388,1.701828,0.719847
2389,1.719379,0.710825
2390,1.712850,0.723491
2391,1.719055,0.722746
2392,1.682601,0.710628
2393,1.717913,0.678003
2394,1.691113,0.721219
2395,1.710340,0.729102
2396,1.664538,0.709480
2397,1.680053,0.668684
2398,1.771809,0.713601
2399,1.959029,0.697683
2400,1.769777,0.723999
2401,1.654828,0.690967
2402,1.743133,0.747655
2403,1.650554,0.723202
2404,1.683976,0.728575
2405,1.709811,0.725438
2406,1.739804,0.721388
2407,1.659859,0.703650
2408,1.806025,0.731448
2409,1.672481,0.723900
2410,1.636155,0.734643
2411,1.705275,0.718345
2412,1.652963,0.717671
2413,1.661356,0.679917
2414,1.843791,0.726339
2415,1.666464,0.723513
2416,1.709566,0.726682
2417,1.726067,0.720568
2418,1.695191,0.726828
2419,1.772836,0.707423
2420,1.745629,0.678603
2421,1.799025,0.707255
2422,1.783583,0.689854
2423,1.793024,0.714100
2424,1.701136,0.673398
2425,1.736676,0.716668
2426,1.842737,0.716522
2427,1.700863,0.720906
2428,1.778906,0.624007
2429,1.765166,0.676391
2430,1.708353,0.666858
2431,1.677520,0.716691
2432,1.733546,0.713621
2433,1.697944,0.713290
2434,1.670438,0.718219
2435,1.731194,0.713150
2436,1.724650,0.712424
2437,1.696837,0.635328
2438,1.827806,0.639251
2439,1.764505,0.697447
2440,1.888654,0.699196
2441,1.728754,0.729651
2442,1.688625,0.722679
2443,1.745861,0.627449
2444,1.765866,0.669601
2445,1.959282,0.729077
2446,1.678545,0.724370
2447,1.701314,0.720873
2448,1.739978,0.717958
2449,1.749318,0.704827
2450,1.767039,0.710688
2451,1.648052,0.722137
2452,1.708517,0.731126
2453,1.703748,0.737911
2454,1.695548,0.706529
2455,1.769714,0.699133
2456,1.720632,0.693733
2457,1.698411,0.715128
2458,1.799779,0.707297
2459,1.754998,0.675614
2460,1.727561,0.693230
2461,1.807352,0.722024
2462,1.765299,0.706364
2463,1.782293,0.704051
2464,1.686134,0.721824
2465,1.712438,0.717778
2466,1.703979,0.722151
2467,1.701719,0.704386
2468,1.830346,0.722821
2469,1.739990,0.715220
2470,1.775967,0.704831
2471,1.735610,0.706744
2472,1.837341,0.710477
2473,1.722009,0.704297
2474,1.792332,0.716252
2475,1.720759,0.718800
2476,1.679828,0.723718
2477,1.741612,0.696133
2478,1.762011,0.733950
2479,1.653862,0.729524
2480,1.641166,0.724044
2481,1.725955,0.722003
2482,1.710432,0.698430
2483,1.687264,0.698916
2484,1.892225,0.731010
2485,1.684464,0.706480
2486,1.774177,0.689004
2487,1.697377,0.727746
2488,1.745797,0.716230
2489,1.775559,0.686574
2490,1.767950,0.712318
2491,1.801036,0.725028
2492,1.753458,0.717009
2493,1.777473,0.690854
2494,1.856213,0.735734
2495,1.637634,0.721293
2496,1.757436,0.712371
2497,1.648065,0.710424
2498,1.774631,0.688417
2499,1.816874,0.700690
2500,1.803973,0.722154
2501,1.804216,0.721789
2502,1.759471,0.717242
2503,1.817922,0.716052
2504,1.682415,0.730046
2505,1.771724,0.714414
2506,1.689020,0.704161
2507,1.724297,0.711567
2508,1.714928,0.725000
2509,1.706706,0.734414
2510,1.781581,0.729169
2511,1.670909,0.723728
2512,1.666412,0.716052
2513,1.705816,0.706645
2514,1.753897,0.708072
2515,1.764926,0.708742
2516,1.797753,0.719397
2517,1.823878,0.720243
2518,1.709684,0.683183
2519,1.816875,0.726859
2520,1.716547,0.724504
2521,1.760043,0.731187
2522,1.648576,0.730196
2523,1.670235,0.733408
2524,1.632793,0.730665
2525,1.675962,0.734095
2526,1.685519,0.716073
2527,1.662556,0.678451
2528,1.823230,0.745079
2529,1.738927,0.732246
2530,1.766677,0.637672
2531,1.692049,0.710872
2532,1.756427,0.715719
2533,1.714916,0.714812
2534,1.723792,0.695498
2535,1.665266,0.714287
2536,1.712918,0.725795
2537,1.812797,0.701702
2538,1.824747,0.693014
2539,1.786929,0.691704
2540,1.684129,0.703661
2541,1.787094,0.708455
2542,1.756338,0.714658
2543,1.651566,0.688657
2544,1.742955,0.723389
2545,1.792412,0.702288
2546,1.774534,0.703695
2547,1.787773,0.698474
2548,1.736560,0.717237
2549,1.734658,0.735147
2550,1.663483,0.725869
2551,1.667891,0.728025
2552,1.720563,0.716558
2553,1.750488,0.741009
2554,1.657002,0.721175
2555,1.766303,0.718068
2556,1.645872,0.691976
2557,1.749445,0.710223
2558,1.679754,0.730786
2559,1.699735,0.723658
2560,1.658748,0.702748
2561,1.702519,0.713719
2562,1.676348,0.708002
2563,1.693784,0.699230
2564,1.727031,0.674751
2565,1.748228,0.653331
2566,1.795893,0.669280
2567,1.827984,0.676100
2568,1.899226,0.700101
2569,1.716985,0.725449
2570,1.711707,0.732532
2571,1.663656,0.690160
2572,1.765841,0.708192
2573,1.735406,0.696832
2574,1.823464,0.729366
2575,1.645607,0.719721
2576,1.679907,0.725354
2577,1.763040,0.736306
2578,1.665323,0.723407
2579,1.673398,0.724173
2580,1.689378,0.713803
2581,1.714541,0.701139
2582,1.708153,0.698975
2583,1.651026,0.708983
2584,1.698338,0.700389
2585,1.718774,0.719398
2586,1.746546,0.731039
2587,1.647160,0.722070
2588,1.702223,0.731680
2589,1.654007,0.738800
2590,1.686477,0.738874
2591,1.632016,0.728182
2592,1.693070,0.699811
2593,1.694076,0.707296
2594,1.664927,0.701908
2595,1.763834,0.722658
2596,1.841904,0.702898
2597,1.808228,0.682960
2598,1.895819,0.690012
2599,1.746669,0.705097
2600,1.732422,0.733559
2601,1.687162,0.708536
2602,1.651470,0.718821
2603,1.681419,0.697282
2604,1.684432,0.725476
2605,1.699150,0.722183
2606,1.730005,0.708932
2607,1.863762,0.701956
2608,1.811397,0.667862
2609,1.787050,0.684754
2610,1.700783,0.683183
2611,1.708169,0.728554
2612,1.675274,0.729451
2613,1.681127,0.734557
2614,1.637969,0.727323
2615,1.691663,0.713745
2616,1.799315,0.738244
2617,1.681990,0.672722
2618,1.834110,0.723031
2619,1.692914,0.720683
2620,1.744519,0.708597
2621,1.737883,0.675605
2622,1.708210,0.732621
2623,1.663994,0.719109
2624,1.710392,0.735014
2625,1.649931,0.719377
2626,1.707708,0.722066
2627,1.699639,0.675895
2628,1.749904,0.729529
2629,1.724427,0.741469
2630,1.733250,0.702834
2631,1.717008,0.705314
2632,1.701939,0.718644
2633,1.760861,0.744567
2634,1.699884,0.745249
2635,1.627996,0.718583
2636,1.684673,0.702765
2637,1.932402,0.728439
2638,1.720002,0.720900
2639,1.722703,0.701704
2640,1.654409,0.713302
2641,1.698947,0.723195
2642,1.715527,0.722190
2643,1.676183,0.726898
2644,1.737122,0.675007
2645,1.880234,0.702083
2646,1.822517,0.721763
2647,1.679422,0.698914
2648,1.728672,0.727802
2649,1.708524,0.678108
2650,1.890038,0.702617
2651,1.787239,0.709619
2652,1.665646,0.731418
2653,1.659751,0.723144
2654,1.648461,0.725540
2655,1.700076,0.700213
2656,1.775095,0.698519
2657,1.824033,0.732064
2658,1.640055,0.723851
2659,1.726563,0.729416
2660,1.656329,0.731794
2661,1.693595,0.725675
2662,1.691445,0.722126
2663,1.788847,0.730386
2664,1.832297,0.710040
2665,1.861024,0.690108
2666,1.740181,0.704420
2667,1.746218,0.696515
2668,1.696941,0.701343
2669,1.827846,0.720173
2670,1.741992,0.702251
2671,1.778968,0.723531
2672,1.673219,0.679878
2673,1.725878,0.690907
2674,1.861663,0.669780
2675,1.891438,0.739311
2676,1.806096,0.702386
2677,1.765545,0.711042
2678,1.698370,0.727330
2679,1.653122,0.724930
2680,1.705321,0.704392
2681,1.698736,0.743951
2682,1.659614,0.727242
2683,1.640837,0.718786
2684,1.677298,0.709387
2685,1.706775,0.717312
2686,1.667729,0.728605
2687,1.656166,0.719955
2688,1.678174,0.722801
2689,1.698388,0.718585
2690,1.814711,0.718328
2691,1.809202,0.700782
2692,1.768993,0.706689
2693,1.736051,0.695230
2694,1.813992,0.678954
2695,1.687523,0.678126
2696,1.903775,0.647240
2697,1.705920,0.681401
2698,1.873054,0.715134
2699,1.664689,0.726167
2700,1.672170,0.725228
2701,1.662708,0.730107
2702,1.678669,0.719884
2703,1.746770,0.711853
2704,1.657856,0.687758
2705,1.824602,0.728737
2706,1.766052,0.697684
2707,1.826929,0.711531
2708,1.741974,0.715641
2709,1.760583,0.687696
2710,1.711956,0.723785
2711,1.735173,0.697098
2712,1.787915,0.717387
2713,1.722306,0.728133
2714,1.678241,0.736938
2715,1.637445,0.732391
2716,1.672906,0.719964
2717,1.661579,0.715669
2718,1.723300,0.723863
2719,1.786766,0.727888
2720,1.723941,0.709587
2721,1.769953,0.668278
2722,1.749761,0.692225
2723,1.665225,0.709222
2724,1.722702,0.737403
2725,1.623757,0.728103
2726,1.663722,0.732628
2727,1.683928,0.730692
2728,1.647632,0.722407
2729,1.651126,0.702516
2730,1.800808,0.724189
2731,1.683704,0.678956
2732,1.800342,0.611685
2733,1.818702,0.709140
2734,1.770935,0.735455
2735,1.726344,0.734799
2736,1.714106,0.698250
2737,1.725433,0.689145
2738,1.699984,0.716750
2739,1.707392,0.729784
2740,1.683639,0.725168
2741,1.724539,0.748379
2742,1.708992,0.723637
2743,1.667744,0.713534
2744,1.682286,0.724860
2745,1.682075,0.725945
2746,1.778957,0.721093
2747,1.831588,0.704200
2748,1.740551,0.722215
2749,1.909790,0.582925
2750,1.815038,0.658431
2751,1.685619,0.707643
2752,1.801384,0.714152
2753,1.734457,0.670838
2754,1.771891,0.714335
2755,1.732968,0.726519
2756,1.675676,0.706112
2757,1.671233,0.714641
2758,1.724246,0.732354
2759,1.688682,0.722454
2760,1.693023,0.697226
2761,1.794064,0.715657
2762,1.649044,0.701073
2763,1.783224,0.738961
2764,1.707748,0.703258
2765,1.651058,0.639607
2766,1.872099,0.712924
2767,1.746182,0.733522
2768,1.674651,0.729568
2769,1.632384,0.716721
2770,1.715611,0.716812
2771,1.680743,0.677783
2772,1.718091,0.713825
2773,1.807894,0.743858
2774,1.645031,0.730577
2775,1.697237,0.708540
2776,1.668046,0.676301
2777,1.822616,0.707839
2778,1.897285,0.722942
2779,1.718546,0.706204
2780,1.701916,0.697317
2781,1.750636,0.733618
2782,1.649433,0.723208
2783,1.693410,0.711515
2784,1.815349,0.702672
2785,1.814601,0.715698
2786,1.743687,0.691217
2787,1.734473,0.732885
2788,1.681731,0.713462
2789,1.736906,0.711435
2790,1.675751,0.721250
2791,1.726139,0.718655
2792,1.736402,0.729390
2793,1.658980,0.736149
2794,1.660015,0.726558
2795,1.734842,0.715155
2796,1.718471,0.679489
2797,1.757787,0.716167
2798,1.798687,0.712454
2799,1.828714,0.709376
2800,1.770674,0.713357
2801,1.733482,0.713781
2802,1.795743,0.714774
2803,1.696185,0.732810
2804,1.723834,0.725690
2805,1.719805,0.702760
2806,1.747254,0.679782
2807,1.837313,0.711847
2808,1.712239,0.740814
2809,1.619789,0.729462
2810,1.681582,0.744691
2811,1.609921,0.728058
2812,1.691647,0.726862
2813,1.694717,0.716775
2814,1.699617,0.703299
2815,1.794032,0.731887
2816,1.649558,0.719800
2817,1.690109,0.714744
2818,1.679683,0.710024
2819,1.769956,0.702910
2820,1.722444,0.694207
2821,1.914203,0.680710
2822,1.790688,0.695212
2823,1.774747,0.742564
2824,1.623959,0.718070
2825,1.690426,0.722789
2826,1.641008,0.698106
2827,1.761995,0.697514
2828,1.733852,0.682742
2829,1.766678,0.717267
2830,1.663050,0.732931
2831,1.681180,0.706417
2832,1.739879,0.745000
2833,1.632029,0.726147
2834,1.644125,0.727873
2835,1.659402,0.736533
2836,1.643783,0.726628
2837,1.672075,0.730853
2838,1.669328,0.742176
2839,1.699699,0.723056
2840,1.713452,0.736904
2841,1.751933,0.704168
2842,1.647558,0.695100
2843,1.782017,0.724748
2844,1.880374,0.720206
2845,1.654255,0.720441
2846,1.759669,0.731284
2847,1.671476,0.691061
2848,1.821934,0.692345
2849,1.877112,0.704940
2850,1.807924,0.733409
2851,1.693044,0.732814
2852,1.649592,0.736190
2853,1.635822,0.733598
2854,1.630300,0.733196
2855,1.682348,0.745693
2856,1.648950,0.712042
2857,1.717603,0.740382
2858,1.691383,0.686275
2859,1.917060,0.696179
2860,1.771259,0.640330
2861,1.863591,0.719733
2862,1.784054,0.698386
2863,1.738382,0.667063
2864,1.693139,0.692290
2865,1.744430,0.714620
2866,1.685714,0.715512
2867,1.711714,0.706635
2868,1.658377,0.693685
2869,1.843350,0.700866
2870,1.858728,0.693373
2871,1.795639,0.649191
2872,1.728988,0.704653
2873,1.808520,0.718783
2874,1.703349,0.730644
2875,1.662755,0.736281
2876,1.634716,0.727626
2877,1.699487,0.739511
2878,1.646654,0.733278
2879,1.645233,0.714050
2880,1.688382,0.718489
2881,1.745442,0.703382
2882,1.755749,0.697102
2883,1.787594,0.736426
2884,1.657526,0.733607
2885,1.681231,0.714167
2886,1.697804,0.739522
2887,1.657574,0.719838
2888,1.741064,0.684236
2889,1.730612,0.706374
2890,1.743353,0.718711
2891,1.663728,0.671911
2892,1.814382,0.726759
2893,1.679504,0.716737
2894,1.714322,0.729479
2895,1.686075,0.731738
2896,1.795556,0.720121
2897,1.765701,0.728671
2898,1.692518,0.708085
2899,1.730135,0.709377
2900,1.711305,0.699592
2901,1.795046,0.683919
2902,1.873768,0.719657
2903,1.799703,0.697273
2904,1.696891,0.732490
2905,1.772113,0.723807
2906,1.689749,0.700791
2907,1.739819,0.706036
2908,1.745424,0.694529
2909,1.793304,0.735882
2910,1.665488,0.730447
2911,1.700116,0.733459
2912,1.664786,0.734790
2913,1.644087,0.715221
2914,1.707039,0.724060
2915,1.754706,0.710414
2916,1.663091,0.699345
2917,1.784509,0.729950
2918,1.664093,0.729725
2919,1.670801,0.731331
2920,1.681547,0.741881
2921,1.662756,0.738263
2922,1.671093,0.732747
2923,1.712765,0.716723
2924,1.716550,0.733292
2925,1.642116,0.719087
2926,1.667739,0.709411
2927,1.772507,0.738235
2928,1.778479,0.705375
2929,1.726794,0.738732
2930,1.658679,0.735406
2931,1.652858,0.735509
2932,1.652001,0.724334
2933,1.690794,0.696809
2934,1.749964,0.704305
2935,1.856703,0.731596
2936,1.731480,0.683461
2937,1.697093,0.713361
2938,1.738204,0.719458
2939,1.794733,0.718407
2940,1.842287,0.704990
2941,1.718318,0.726778
2942,1.696945,0.736924
2943,1.638829,0.733792
2944,1.696844,0.712996
2945,1.694000,0.714156
2946,1.653958,0.723723
2947,1.667711,0.692108
2948,1.785473,0.712324
2949,1.740597,0.731958
2950,1.714041,0.719967
2951,1.677675,0.714495
2952,1.751180,0.679454
2953,1.647763,0.674747
2954,1.808310,0.668841
2955,1.894189,0.709482
2956,1.727646,0.692182
2957,1.634437,0.660592
2958,1.914613,0.643221
2959,1.763823,0.713987
2960,1.750212,0.708603
2961,1.616208,0.713383
2962,1.754688,0.736159
2963,1.685336,0.729274
2964,1.738426,0.701216
2965,1.753805,0.693848
2966,1.803014,0.746280
2967,1.609340,0.725662
2968,1.675883,0.725299
2969,1.649923,0.724956
2970,1.681550,0.717767
2971,1.793512,0.705611
2972,1.731583,0.649276
2973,1.737304,0.678540
2974,1.908449,0.716941
2975,1.797308,0.715157
2976,1.698494,0.716122
2977,1.763033,0.719867
2978,1.796415,0.733208
2979,1.801691,0.728514
2980,1.635277,0.714753
2981,1.746613,0.732982
2982,1.673596,0.711374
2983,1.746400,0.721797
2984,1.720214,0.738994
2985,1.656799,0.736009
2986,1.660124,0.725349
2987,1.736257,0.728108
2988,1.633391,0.728754
2989,1.677769,0.716005
2990,1.720766,0.718566
2991,1.739578,0.707912
2992,1.701107,0.654360
2993,1.809123,0.728045
2994,1.637547,0.698306
2995,1.749038,0.721775
2996,1.672230,0.722363
2997,1.718774,0.738035
2998,1.705675,0.706982
2999,1.776924,0.730133
3000,1.710131,0.673987
3001,1.823586,0.685102
3002,1.783260,0.697708
3003,1.732971,0.715454
3004,1.747909,0.730760
3005,1.696070,0.690913
3006,1.919226,0.724260
3007,1.718844,0.715292
3008,1.683096,0.724599
3009,1.680729,0.732492
3010,1.657420,0.726317
3011,1.724834,0.710784
3012,1.694940,0.677641
3013,1.749888,0.684394
3014,1.788820,0.693660
3015,1.819454,0.687914
3016,1.699954,0.701267
3017,1.741789,0.721327
3018,1.622970,0.732866
3019,1.661827,0.734083
3020,1.656311,0.728666
3021,1.689847,0.721096
3022,1.638065,0.723823
3023,1.681045,0.731131
3024,1.689065,0.702774
3025,1.750931,0.696050
3026,1.855898,0.742490
3027,1.682777,0.704799
3028,1.770555,0.704828
3029,1.691647,0.708046
3030,1.743274,0.737013
3031,1.633209,0.710666
3032,1.672074,0.740057
3033,1.681683,0.723185
3034,1.693460,0.710838
3035,1.709629,0.717258
3036,1.697946,0.728364
3037,1.741413,0.728589
3038,1.770504,0.714177
3039,1.666427,0.686257
3040,1.756740,0.710653
3041,1.725940,0.695887
3042,1.666015,0.685433
3043,1.687575,0.689058
3044,1.698406,0.720263
3045,1.779460,0.711247
3046,1.822737,0.742062
3047,1.690011,0.719550
3048,1.684192,0.725004
3049,1.708186,0.703225
3050,1.784424,0.709450
3051,1.907621,0.727198
3052,1.890208,0.711537
3053,1.750222,0.739095
3054,1.679853,0.730270
3055,1.658700,0.731939
3056,1.665147,0.708908
3057,1.710624,0.732489
3058,1.681782,0.717367
3059,1.723063,0.709990
3060,1.739316,0.717844
3061,1.718877,0.703641
3062,1.782215,0.713070
3063,1.709369,0.713143
3064,1.753743,0.717041
3065,1.641875,0.708556
3066,1.769892,0.726276
3067,1.680021,0.695032
3068,1.685772,0.688542
3069,1.714339,0.672265
3070,1.839564,0.724400
3071,1.699173,0.724914
3072,1.682293,0.712791
3073,1.715606,0.685754
3074,1.874756,0.730258
3075,1.679377,0.713698
3076,1.676129,0.729377
3077,1.704671,0.708646
3078,1.748715,0.690887
3079,1.739236,0.695756
3080,1.646963,0.713758
3081,1.804716,0.712105
3082,1.799760,0.651071
3083,1.810183,0.729740
3084,1.720640,0.721525
3085,1.748918,0.706819
3086,1.795130,0.750852
3087,1.628696,0.730938
3088,1.711386,0.728134
3089,1.697515,0.704171
3090,1.686299,0.727039
3091,1.646455,0.726562
3092,1.723155,0.726506
3093,1.714053,0.739729
3094,1.651467,0.733850
3095,1.651285,0.716737
3096,1.661341,0.725717
3097,1.709341,0.738786
3098,1.675982,0.700136
3099,1.786979,0.705341
3100,1.796719,0.700717
3101,1.815960,0.715341
3102,1.701387,0.724073
3103,1.734596,0.642365
3104,1.770545,0.736002
3105,1.672657,0.721735
3106,1.697618,0.733016
3107,1.650817,0.732061
3108,1.690721,0.710282
3109,1.642393,0.705801
3110,1.821094,0.728666
3111,1.674773,0.678396
3112,1.739225,0.722401
3113,1.657864,0.708253
3114,1.751700,0.725304
3115,1.681479,0.691745
3116,1.888907,0.701141
3117,1.829702,0.704720
3118,1.794402,0.696699
3119,1.756913,0.726631
3120,1.717141,0.731360
3121,1.610460,0.709796
3122,1.755709,0.739901
3123,1.618131,0.731069
3124,1.715748,0.744225
3125,1.628919,0.724685
3126,1.668667,0.720069
3127,1.732335,0.710952
3128,1.802787,0.666050
3129,1.759582,0.745599
3130,1.664510,0.736391
3131,1.665379,0.732287
3132,1.661024,0.725972
3133,1.760829,0.704589
3134,1.654367,0.694826
3135,1.762545,0.724850
3136,1.653909,0.715918
3137,1.718023,0.694686
3138,1.680907,0.698988
3139,1.719440,0.711550
3140,1.679429,0.678080
3141,1.784679,0.666735
3142,1.750045,0.726056
3143,1.728554,0.742347
3144,1.611546,0.726729
3145,1.703339,0.716141
3146,1.736373,0.718246
3147,1.771682,0.703827
3148,1.690486,0.689707
3149,1.798551,0.704083
3150,1.751522,0.666474
3151,1.756112,0.734815
3152,1.686876,0.706205
3153,1.833164,0.717190
3154,1.772784,0.704680
3155,1.682986,0.711219
3156,1.709907,0.715001
3157,1.745417,0.715243
3158,1.708324,0.714246
3159,1.666092,0.723799
3160,1.717863,0.704400
3161,1.727078,0.699105
3162,1.793979,0.736071
3163,1.704541,0.730366
3164,1.694105,0.712465
3165,1.709619,0.669891
3166,1.687440,0.696630
3167,1.767869,0.720038
3168,1.777881,0.687575
3169,1.738104,0.724417
3170,1.786518,0.715744
3171,1.650670,0.696779
3172,1.755838,0.722276
3173,1.766341,0.714818
3174,1.685631,0.687561
3175,1.788945,0.725307
3176,1.778144,0.682778
3177,1.765648,0.716359
3178,1.702464,0.712135
3179,1.728889,0.735561
3180,1.685630,0.700406
3181,1.784574,0.717679
3182,1.670085,0.682654
3183,1.753496,0.709417
3184,1.781342,0.708948
3185,1.691308,0.738912
3186,1.663978,0.734892
3187,1.681366,0.732032
3188,1.669519,0.726221
3189,1.678710,0.727772
3190,1.688344,0.727736
3191,1.665202,0.734273
3192,1.661772,0.737017
3193,1.627050,0.735579
3194,1.683181,0.738004
3195,1.631755,0.707663
3196,1.674204,0.733259
3197,1.684653,0.714334
3198,1.791001,0.728739
3199,1.638932,0.715114
3200,1.837312,0.697029
3201,1.774919,0.653189
3202,1.872057,0.719062
3203,1.672135,0.734892
3204,1.642518,0.695808
3205,1.757220,0.726295
3206,1.773049,0.679162
3207,1.808754,0.723885
3208,1.719545,0.673672
3209,1.798157,0.714796
3210,1.688445,0.733309
3211,1.656519,0.704950
3212,1.768839,0.728004
3213,1.678226,0.695955
3214,1.832681,0.705929
3215,1.706076,0.737246
3216,1.699240,0.706862
3217,1.733375,0.720485
3218,1.734575,0.749589
3219,1.605863,0.723510
3220,1.674278,0.731827
3221,1.655673,0.733604
3222,1.682933,0.722468
3223,1.795683,0.715428
3224,1.719972,0.706211
3225,1.713304,0.695208
3226,1.763967,0.711118
3227,1.760118,0.668590
3228,1.871902,0.706080
3229,1.738615,0.697575
3230,1.668734,0.717077
3231,1.694200,0.697389
3232,1.703406,0.711114
3233,1.705327,0.725906
3234,1.676316,0.715539
3235,1.846012,0.731072
3236,1.778405,0.727325
3237,1.727221,0.739795
3238,1.677411,0.743107
3239,1.671284,0.693236
3240,1.736480,0.696119
3241,1.773173,0.702369
3242,1.877676,0.716942
3243,1.742655,0.725709
3244,1.712148,0.722828
3245,1.699073,0.717190
3246,1.729735,0.720529
3247,1.726054,0.685228
3248,1.717988,0.705645
3249,1.826495,0.735411
3250,1.793219,0.734667
3251,1.680683,0.702115
3252,1.838610,0.705013
3253,1.809125,0.732584
3254,1.742820,0.729665
3255,1.688936,0.733945
3256,1.649130,0.736557
3257,1.645813,0.727995
3258,1.654093,0.739949
3259,1.646875,0.738154
3260,1.617949,0.731816
3261,1.670918,0.734022
3262,1.636299,0.737910
3263,1.668196,0.741376
3264,1.637389,0.728692
3265,1.731130,0.738107
3266,1.607239,0.717799
3267,1.836936,0.716694
3268,1.819678,0.701273
3269,1.723730,0.732831
3270,1.673302,0.721345
3271,1.689039,0.714873
3272,1.754857,0.635716
3273,1.829239,0.740949
3274,1.735850,0.717333
3275,1.724296,0.745208
3276,1.650290,0.725999
3277,1.642450,0.676046
3278,1.740806,0.700072
3279,1.814029,0.706837
3280,1.749983,0.717666
3281,1.686412,0.645391
3282,1.780346,0.709871
3283,1.692490,0.738532
3284,1.648075,0.738276
3285,1.676395,0.729251
3286,1.695323,0.732786
3287,1.656934,0.703327
3288,1.765903,0.735922
3289,1.644746,0.733691
3290,1.666422,0.727895
3291,1.739930,0.717607
3292,1.774431,0.734173
3293,1.760953,0.675929
3294,1.793301,0.701069
3295,1.772950,0.712720
3296,1.812397,0.689107
3297,1.904296,0.725397
3298,1.617423,0.722392
3299,1.714862,0.730382
3300,1.692069,0.699394
3301,1.766835,0.706071
3302,1.698882,0.716819
3303,1.683571,0.723717
3304,1.694485,0.735788
3305,1.643117,0.725330
3306,1.675517,0.716944
3307,1.711167,0.731039
3308,1.752717,0.730400
3309,1.829854,0.738558
3310,1.643379,0.722504
3311,1.698076,0.726696
3312,1.660550,0.735057
3313,1.660317,0.707624
3314,1.721967,0.728835
3315,1.811042,0.690404
3316,1.748569,0.675678
3317,1.689934,0.717188
3318,1.701845,0.725284
3319,1.692523,0.730798
3320,1.716911,0.704414
3321,1.783749,0.716586
3322,1.656602,0.744764
3323,1.625931,0.693695
3324,1.732624,0.723840
3325,1.635122,0.698884
3326,1.792430,0.735754
3327,1.663650,0.715822
3328,1.771618,0.731466
3329,1.809746,0.728394
3330,1.771491,0.720213
3331,1.820571,0.726834
3332,1.794973,0.723679
3333,1.667752,0.730137
3334,1.672506,0.702093
3335,1.745374,0.738746
3336,1.610480,0.719561
3337,1.683028,0.728685
3338,1.696801,0.739691
3339,1.654087,0.738023
3340,1.643227,0.730373
3341,1.646419,0.710855
3342,1.684279,0.699941
3343,1.839305,0.711052
3344,1.766947,0.710009
3345,1.671350,0.735666
3346,1.657181,0.728977
3347,1.677533,0.728224
3348,1.710422,0.702469
3349,1.706946,0.716656
3350,1.733877,0.680404
3351,1.905330,0.705564
3352,1.778622,0.722053
3353,1.746483,0.722543
3354,1.699407,0.711541
3355,1.699225,0.736259
3356,1.675759,0.726307
3357,1.655885,0.736332
3358,1.649631,0.721103
3359,1.697254,0.715668
3360,1.722581,0.747114
3361,1.633547,0.728378
3362,1.760693,0.700227
3363,1.796047,0.737086
3364,1.627015,0.695887
3365,1.809549,0.716586
3366,1.774746,0.715338
3367,1.761311,0.698443
3368,1.734830,0.699545
3369,1.766130,0.727110
3370,1.741295,0.656232
3371,1.812470,0.717778
3372,1.800944,0.716601
3373,1.650791,0.744790
3374,1.629778,0.734250
3375,1.668616,0.731646
3376,1.700352,0.701837
3377,1.824316,0.670712
3378,1.884618,0.700490
3379,1.721488,0.722226
3380,1.670896,0.706811
3381,1.738961,0.723512
3382,1.651848,0.725787
3383,1.670038,0.719722
3384,1.643308,0.730177
3385,1.661874,0.725432
3386,1.631549,0.714823
3387,1.659898,0.706305
3388,1.709906,0.723148
3389,1.682146,0.679493
3390,1.808299,0.711850
3391,1.655721,0.680489
3392,1.737930,0.730950
3393,1.634667,0.709341
3394,1.679167,0.726413
3395,1.752117,0.736111
3396,1.698210,0.647895
3397,1.830240,0.702679
3398,1.817948,0.683307
3399,1.703155,0.730244
3400,1.682957,0.729423
3401,1.634643,0.722036
3402,1.680533,0.725817
3403,1.681137,0.728379
3404,1.667558,0.724708
3405,1.653565,0.728072
3406,1.695522,0.691140
3407,1.706151,0.655440
3408,1.901055,0.713515
3409,1.718601,0.708381
3410,1.658683,0.726210
3411,1.638158,0.727182
3412,1.729498,0.702313
3413,1.716270,0.698693
3414,1.741396,0.715528
3415,1.701602,0.658302
3416,1.700005,0.713602
3417,1.780431,0.733096
3418,1.620078,0.728320
3419,1.671574,0.731505
3420,1.645196,0.688661
3421,1.720216,0.709653
3422,1.646353,0.697297
3423,1.757490,0.676281
3424,1.777301,0.685328
3425,1.765302,0.682827
3426,1.782976,0.708400
3427,1.911537,0.726965
3428,1.670507,0.731791
3429,1.666257,0.735132
3430,1.642638,0.735159
3431,1.633311,0.730659
3432,1.647831,0.719634
3433,1.666489,0.697391
3434,1.700575,0.736918
3435,1.694964,0.729669
3436,1.665705,0.727328
3437,1.695361,0.726463
3438,1.701392,0.692480
3439,1.819515,0.652133
3440,1.715480,0.675336
3441,1.762425,0.683551
3442,1.670912,0.703061
3443,1.704590,0.641035
3444,1.784159,0.707609
3445,1.858404,0.718111
3446,1.850879,0.722385
3447,1.752725,0.709968
3448,1.751174,0.703566
3449,1.669676,0.710756
3450,1.691218,0.745012
3451,1.671966,0.733780
3452,1.661562,0.730585
3453,1.654616,0.739178
3454,1.619304,0.726598
3455,1.683928,0.729652
3456,1.715887,0.710815
3457,1.667709,0.696906
3458,1.783668,0.704149
3459,1.858396,0.697663
3460,1.724713,0.730215
3461,1.762964,0.725038
3462,1.655490,0.728986
3463,1.713189,0.740943
3464,1.679345,0.739201
3465,1.665994,0.735473
3466,1.644524,0.726675
3467,1.675939,0.706377
3468,1.670418,0.688259
3469,1.768170,0.734814
3470,1.682702,0.728438
3471,1.675068,0.686072
3472,1.825764,0.702807
3473,1.817475,0.747815
3474,1.640749,0.712276
3475,1.744136,0.699690
3476,1.839678,0.721182
3477,1.759871,0.731205
3478,1.902143,0.708494
3479,1.719616,0.712161
3480,1.743841,0.729346
3481,1.666705,0.704379
3482,1.812244,0.703570
3483,1.881940,0.724082
3484,1.657219,0.730911
3485,1.760089,0.723119
3486,1.790814,0.717560
3487,1.740720,0.673503
3488,1.789532,0.746561
3489,1.638289,0.719284
3490,1.675687,0.729108
3491,1.731021,0.739849
3492,1.698556,0.733299
3493,1.615349,0.721861
3494,1.747816,0.727926
3495,1.691682,0.726043
3496,1.632476,0.723116
3497,1.653811,0.734821
3498,1.682322,0.730440
3499,1.697237,0.706630
3500,1.649287,0.671302
3501,1.888853,0.723030
3502,1.797765,0.697227
3503,1.770279,0.746791
3504,1.616023,0.722885
3505,1.699038,0.733110
3506,1.668284,0.716556
3507,1.761371,0.700166
3508,1.816777,0.715620
3509,1.713161,0.737687
3510,1.658525,0.701628
3511,1.783368,0.722011
3512,1.661496,0.722245
3513,1.770238,0.707776
3514,1.762008,0.693875
3515,1.698090,0.675067
3516,1.702659,0.727926
3517,1.680825,0.727385
3518,1.690185,0.681977
3519,1.773935,0.687839
3520,1.772560,0.700549
3521,1.712788,0.717920
3522,1.717543,0.731042
3523,1.676461,0.738346
3524,1.614350,0.723462
3525,1.677928,0.737145
3526,1.621292,0.728096
3527,1.671799,0.732673
3528,1.643340,0.719498
3529,1.714799,0.724552
3530,1.746249,0.727332
3531,1.848721,0.715219
3532,1.706310,0.715896
3533,1.674956,0.711071
3534,1.690075,0.691190
3535,1.812610,0.728468
3536,1.708291,0.742859
3537,1.635605,0.719439
3538,1.652014,0.699078
3539,1.732998,0.663744
3540,1.915932,0.723304
3541,1.761659,0.737020
3542,1.641176,0.730805
3543,1.680706,0.726612
3544,1.633269,0.728468
3545,1.670864,0.733287
3546,1.686766,0.718318
3547,1.743083,0.694846
3548,1.700176,0.746213
3549,1.729401,0.717916
3550,1.746874,0.704153
3551,1.900920,0.737706
3552,1.715065,0.713336
3553,1.795949,0.706366
3554,1.809706,0.750089
3555,1.735916,0.708051
3556,1.733421,0.715218
3557,1.749158,0.733155
3558,1.701643,0.740880
3559,1.686884,0.734748
3560,1.640298,0.722624
3561,1.693665,0.738787
3562,1.676552,0.727256
3563,1.663334,0.718362
3564,1.717770,0.736530
3565,1.722714,0.709144
3566,1.785770,0.711216
3567,1.732563,0.723940
3568,1.718967,0.738936
3569,1.677440,0.709692
3570,1.666041,0.726043
3571,1.728064,0.728558
3572,1.659360,0.713691
3573,1.665823,0.685511
3574,1.759856,0.735965
3575,1.674752,0.698771
3576,1.691514,0.718877
3577,1.619301,0.718378
3578,1.685232,0.745219
3579,1.650516,0.726182
3580,1.620623,0.718818
3581,1.709726,0.718372
3582,1.639246,0.709049
3583,1.776277,0.685303
3584,1.844265,0.706909
3585,1.801714,0.722293
3586,1.675626,0.736139
3587,1.682299,0.741018
3588,1.703685,0.732799
3589,1.690166,0.711416
3590,1.749260,0.663654
3591,1.745263,0.570268
3592,1.869634,0.716439
3593,1.773343,0.703944
3594,1.687030,0.727424
3595,1.729391,0.737377
3596,1.653165,0.727927
3597,1.679903,0.728406
3598,1.687513,0.711862
3599,1.758537,0.731484
3600,1.679448,0.719590
3601,1.649149,0.696841
3602,1.705052,0.747723
3603,1.600500,0.721877
3604,1.633544,0.726042
3605,1.665784,0.710544
3606,1.651206,0.734098
3607,1.678561,0.703787
3608,1.764937,0.696292
3609,1.832605,0.697524
3610,1.848164,0.715803
3611,1.674690,0.731228
3612,1.663549,0.737468
3613,1.631996,0.726611
3614,1.636198,0.682793
3615,1.727900,0.725697
3616,1.686375,0.732529
3617,1.645114,0.702362
3618,1.681779,0.674831
3619,1.882811,0.692490
3620,1.907799,0.718781
3621,1.702699,0.712083
3622,1.746084,0.691703
3623,1.723761,0.714574
3624,1.822277,0.716045
3625,1.688529,0.705841
3626,1.832459,0.727630
3627,1.731505,0.716445
3628,1.695889,0.690453
3629,1.726693,0.717054
3630,1.823635,0.736539
3631,1.680229,0.704656
3632,1.778052,0.721506
3633,1.654838,0.731596
3634,1.626068,0.735455
3635,1.635488,0.733206
3636,1.633468,0.730417
3637,1.642434,0.726551
3638,1.678112,0.743849
3639,1.616856,0.721296
3640,1.691350,0.721185
3641,1.907706,0.727435
3642,1.720444,0.725176
3643,1.703591,0.702530
3644,1.750353,0.693555
3645,1.710964,0.707082
3646,1.803666,0.706203
3647,1.812070,0.715872
3648,1.696143,0.728158
3649,1.672043,0.720387
3650,1.722855,0.712638
3651,1.721695,0.714803
3652,1.676534,0.723169
3653,1.705093,0.732067
3654,1.664656,0.723265
3655,1.701796,0.723319
3656,1.707961,0.721130
3657,1.645531,0.720214
3658,1.752865,0.734060
3659,1.634375,0.703405
3660,1.717240,0.693194
3661,1.672818,0.659999
3662,1.854125,0.718430
3663,1.713650,0.705849
3664,1.779318,0.731681
3665,1.702443,0.716221
3666,1.783902,0.742532
3667,1.649507,0.726929
3668,1.780427,0.731200
3669,1.718772,0.691360
3670,1.847307,0.712137
3671,1.670665,0.682877
3672,1.725111,0.696215
3673,1.689063,0.706715
3674,1.802220,0.703312
3675,1.676773,0.703839
3676,1.766853,0.733438
3677,1.637704,0.732447
3678,1.674817,0.726908
3679,1.692340,0.731907
3680,1.683120,0.713755
3681,1.738979,0.711899
3682,1.691968,0.706099
3683,1.819241,0.722215
3684,1.667657,0.718675
3685,1.646714,0.686722
3686,1.752898,0.687845
3687,1.857971,0.703482
3688,1.658359,0.725894
3689,1.690701,0.735136
3690,1.633137,0.713071
3691,1.714476,0.722400
3692,1.690565,0.703285
3693,1.893118,0.731185
3694,1.696266,0.660823
3695,1.882954,0.721865
3696,1.722284,0.743300
3697,1.662823,0.726873
3698,1.723686,0.727635
3699,1.696715,0.724856
3700,1.634867,0.702362
3701,1.687146,0.737833
3702,1.633413,0.737393
3703,1.661365,0.722906
3704,1.778745,0.727315
3705,1.818845,0.726468
3706,1.707433,0.709460
3707,1.696079,0.702395
3708,1.773302,0.707984
3709,1.746401,0.715644
3710,1.900534,0.631083
3711,1.733766,0.742843
3712,1.746853,0.718944
3713,1.659724,0.728217
3714,1.654304,0.723227
3715,1.673688,0.717987
3716,1.798472,0.725801
3717,1.697030,0.697132
3718,1.702103,0.727319
3719,1.680975,0.690263
3720,1.672207,0.713927
3721,1.762023,0.720149
3722,1.780648,0.716600
3723,1.672331,0.723495
3724,1.624819,0.728036
3725,1.689359,0.737013
3726,1.704290,0.719724
3727,1.707785,0.724148
3728,1.693096,0.691452
3729,1.713033,0.720538
3730,1.788068,0.715639
3731,1.679780,0.704250
3732,1.665492,0.722202
3733,1.686465,0.724200
3734,1.768699,0.710072
3735,1.773370,0.717630
3736,1.745086,0.708978
3737,1.712290,0.727767
3738,1.698884,0.723577
3739,1.657758,0.722620
3740,1.605368,0.706797
3741,1.705447,0.696433
3742,1.754771,0.708631
3743,1.794304,0.723819
3744,1.693273,0.708516
3745,1.788730,0.750620
3746,1.664103,0.710985
3747,1.626379,0.716068
3748,1.699196,0.734851
3749,1.614488,0.733643
3750,1.664674,0.733318
3751,1.659221,0.703074
3752,1.715152,0.701215
3753,1.837268,0.713926
3754,1.811938,0.698986
3755,1.739130,0.709984
3756,1.667357,0.724859
3757,1.703211,0.741257
3758,1.655935,0.740048
3759,1.741796,0.704868
3760,1.675529,0.673563
3761,1.802211,0.710600
3762,1.768722,0.743081
3763,1.656481,0.736615
3764,1.666804,0.727410
3765,1.692984,0.732271
3766,1.645606,0.728879
3767,1.660260,0.740913
3768,1.671132,0.707288
3769,1.763725,0.718642
3770,1.710408,0.722117
3771,1.667034,0.708793
3772,1.806191,0.716779
3773,1.655248,0.723213
3774,1.665093,0.698228
3775,1.701037,0.719040
3776,1.641528,0.729849
3777,1.678607,0.743056
3778,1.651120,0.725623
3779,1.702678,0.720705
3780,1.706980,0.703380
3781,1.716649,0.737498
3782,1.728875,0.702482
3783,1.712603,0.671978
3784,1.825053,0.699072
3785,1.758916,0.707490
3786,1.736186,0.726791
3787,1.686484,0.714280
3788,1.636474,0.701172
3789,1.767330,0.744986
3790,1.614432,0.725884
3791,1.686732,0.726822
3792,1.674379,0.719629
3793,1.654646,0.712710
3794,1.656341,0.710444
3795,1.760344,0.716679
3796,1.811442,0.705916
3797,1.776727,0.639636
3798,1.797448,0.711109
3799,1.740963,0.722915
3800,1.682219,0.735199
3801,1.650503,0.725829
3802,1.631746,0.717623
3803,1.667700,0.697092
3804,1.699755,0.697235
3805,1.788967,0.717018
3806,1.868755,0.726635
3807,1.691527,0.733310
3808,1.705594,0.726669
3809,1.750433,0.723641
3810,1.701715,0.714948
3811,1.674246,0.716935
3812,1.686338,0.722827
3813,1.709223,0.739164
3814,1.678023,0.721357
3815,1.767689,0.720197
3816,1.780277,0.668224
3817,1.764527,0.703900
3818,1.612652,0.716192
3819,1.721857,0.718307
3820,1.669835,0.725506
3821,1.757523,0.733303
3822,1.708831,0.713480
3823,1.717596,0.721936
3824,1.852939,0.733194
3825,1.660428,0.737118
3826,1.702661,0.733861
3827,1.686543,0.725402
3828,1.761667,0.699594
3829,1.758615,0.730283
3830,1.711974,0.708109
3831,1.743771,0.702241
3832,1.661719,0.724909
3833,1.711287,0.719495
3834,1.728217,0.715915
3835,1.731170,0.743615
3836,1.604583,0.717907
3837,1.764791,0.730157
3838,1.657582,0.727147
3839,1.687019,0.739659
3840,1.693134,0.713521
3841,1.652210,0.686825
3842,1.636442,0.715982
3843,1.756646,0.716405
3844,1.802315,0.739506
3845,1.629445,0.716553
3846,1.745815,0.742356
3847,1.636540,0.739013
3848,1.644234,0.729039
3849,1.724440,0.726562
3850,1.646484,0.731947
3851,1.712465,0.731462
3852,1.795960,0.676257
3853,1.776357,0.721939
3854,1.752553,0.712600
3855,1.775722,0.727170
3856,1.687006,0.708109
3857,1.687429,0.713394
3858,1.743969,0.716993
3859,1.692901,0.747067
3860,1.654128,0.731891
3861,1.652350,0.734246
3862,1.662297,0.743052
3863,1.641277,0.733144
3864,1.627849,0.726043
3865,1.658757,0.736071
3866,1.671417,0.733361
3867,1.658525,0.735313
3868,1.627955,0.727718
3869,1.722853,0.744136
3870,1.661566,0.702869
3871,1.832563,0.715234
3872,1.702003,0.644238
3873,1.941362,0.739650
3874,1.721654,0.727801
3875,1.674573,0.731233
3876,1.664835,0.747220
3877,1.691357,0.728646
3878,1.665495,0.738737
3879,1.739632,0.716272
3880,1.784529,0.657130
3881,1.665566,0.705080
3882,1.812451,0.711784
3883,1.836622,0.704833
3884,1.661883,0.704450
3885,1.785417,0.736514
3886,1.661525,0.704651
3887,1.684637,0.720239
3888,1.710056,0.741531
3889,1.660592,0.739144
3890,1.710243,0.717141
3891,1.598970,0.712181
3892,1.678510,0.695708
3893,1.694127,0.698037
3894,1.810507,0.725599
3895,1.644137,0.705425
3896,1.851747,0.717701
3897,1.764727,0.704936
3898,1.692586,0.689482
3899,1.732281,0.731412
3900,1.708325,0.734566
3901,1.660512,0.721917
3902,1.681549,0.707351
3903,1.687455,0.674449
3904,1.713717,0.735788
3905,1.725877,0.734385
3906,1.722579,0.690998
3907,1.752026,0.709938
3908,1.732319,0.736268
3909,1.707862,0.724923
3910,1.721004,0.713370
3911,1.649023,0.699845
3912,1.752598,0.713305
3913,1.645038,0.724944
3914,1.654740,0.718856
3915,1.630925,0.695013
3916,1.763144,0.703561
3917,1.700766,0.708079
3918,1.761328,0.676964
3919,1.737475,0.706299
3920,1.712041,0.722963
3921,1.673194,0.727063
3922,1.708886,0.734104
3923,1.766498,0.668197
3924,1.698234,0.650755
3925,1.697407,0.696895
3926,1.877853,0.721048
3927,1.725697,0.696999
3928,1.693465,0.688359
3929,1.818371,0.722218
3930,1.700674,0.721292
3931,1.848084,0.744179
3932,1.642476,0.718228
3933,1.678690,0.721426
3934,1.629242,0.731097
3935,1.648456,0.727284
3936,1.621742,0.731753
3937,1.684795,0.719947
3938,1.674273,0.712008
3939,1.779651,0.730956
3940,1.754752,0.717996
3941,1.703226,0.700757
3942,1.760762,0.744913
3943,1.619590,0.730265
3944,1.668671,0.721148
3945,1.667983,0.694029
3946,1.819654,0.700160
3947,1.745871,0.716046
3948,1.767934,0.730670
3949,1.729508,0.727102
3950,1.711568,0.701684
3951,1.645747,0.704099
3952,1.734078,0.706040
3953,1.763070,0.719557
3954,1.765049,0.720683
3955,1.697018,0.735165
3956,1.617385,0.721994
3957,1.704947,0.710877
3958,1.610963,0.700889
3959,1.789595,0.738848
3960,1.680457,0.702465
3961,1.715496,0.720274
3962,1.686415,0.696220
3963,1.717319,0.712576
3964,1.744478,0.682006
3965,1.746419,0.698454
3966,1.737258,0.733115
3967,1.660507,0.733337
3968,1.661804,0.735264
3969,1.689476,0.720252
3970,1.671524,0.717738
3971,1.699305,0.742610
3972,1.679248,0.724037
3973,1.845973,0.731829
3974,1.659993,0.691061
3975,1.771384,0.733044
3976,1.715119,0.731504
3977,1.625398,0.730572
3978,1.735436,0.703975
3979,1.682792,0.695791
3980,1.765067,0.708941
3981,1.645324,0.744405
3982,1.639691,0.729984
3983,1.689374,0.740759
3984,1.743691,0.700870
3985,1.663800,0.709059
3986,1.647967,0.687149
3987,1.703282,0.715293
3988,1.730235,0.687755
3989,1.714158,0.716913
3990,1.720869,0.709118
3991,1.727845,0.727074
3992,1.673923,0.677036
3993,1.869696,0.727899
3994,1.805076,0.723413
3995,1.638408,0.723838
3996,1.671988,0.732600
3997,1.652210,0.737207
3998,1.636710,0.730854
3999,1.661737,0.733882
4000,1.708979,0.687489
4001,1.776554,0.726022
4002,1.589439,0.716022
4003,1.725464,0.725346
4004,1.744800,0.688492
4005,1.773155,0.723513
4006,1.638885,0.722530
4007,1.686322,0.741088
4008,1.621089,0.722268
4009,1.739341,0.742383
4010,1.725467,0.707994
4011,1.711579,0.696566
4012,1.825571,0.694829
4013,1.955714,0.663947
4014,1.725377,0.705737
4015,1.767760,0.719743
4016,1.749692,0.701592
4017,1.657324,0.703822
4018,1.691456,0.725956
4019,1.697894,0.729452
4020,1.718689,0.718562
4021,1.672328,0.726829
4022,1.668406,0.692686
4023,1.771987,0.736198
4024,1.728004,0.739587
4025,1.626690,0.740663
4026,1.618268,0.735930
4027,1.663309,0.749931
4028,1.635883,0.730476
4029,1.652021,0.724269
4030,1.696386,0.710477
4031,1.709327,0.721618
4032,1.723277,0.739591
4033,1.622278,0.706219
4034,1.727703,0.709393
4035,1.658558,0.720615
4036,1.756870,0.725797
4037,1.808717,0.721750
4038,1.699434,0.715575
4039,1.670296,0.730669
4040,1.605557,0.719093
4041,1.735092,0.719023
4042,1.702802,0.689692
4043,1.816397,0.717262
4044,1.702396,0.711566
4045,1.649701,0.715747
4046,1.682995,0.724560
4047,1.622842,0.726572
4048,1.688516,0.737213
4049,1.647253,0.744738
4050,1.648264,0.728919
4051,1.663253,0.712537
4052,1.665358,0.706432
4053,1.683719,0.711996
4054,1.811071,0.692715
4055,1.830264,0.716297
4056,1.686209,0.722349
4057,1.642766,0.682355
4058,1.769438,0.742960
4059,1.643078,0.716097
4060,1.737127,0.725127
4061,1.718524,0.658535
4062,1.820612,0.706631
4063,1.701556,0.745007
4064,1.637947,0.734538
4065,1.708247,0.705246
4066,1.861458,0.715202
4067,1.849869,0.732250
4068,1.592381,0.712909
4069,1.726770,0.740430
4070,1.671451,0.724670
4071,1.651277,0.726772
4072,1.654216,0.746650
4073,1.618014,0.733431
4074,1.646706,0.721832
4075,1.662645,0.740072
4076,1.615400,0.732514
4077,1.683114,0.716961
4078,1.719466,0.737030
4079,1.656376,0.726991
4080,1.755540,0.736760
4081,1.733413,0.663402
4082,1.838548,0.633385
4083,1.968508,0.745662
4084,1.651779,0.685541
4085,1.657042,0.695130
4086,1.781319,0.695584
4087,1.850821,0.721573
4088,1.715560,0.708130
4089,1.678597,0.722554
4090,1.637765,0.739053
4091,1.668765,0.724393
4092,1.630761,0.679769
4093,1.807803,0.712376
4094,1.743552,0.714270
4095,1.733050,0.712190
4096,1.748217,0.707371
4097,1.784479,0.724987
4098,1.665021,0.711884
4099,1.732463,0.708424
4100,1.686859,0.683166
4101,1.699751,0.724784
4102,1.690849,0.723620
4103,1.668180,0.742737
4104,1.611744,0.726478
4105,1.677078,0.729349
4106,1.605495,0.722377
4107,1.647040,0.719857
4108,1.743099,0.732352
4109,1.712423,0.705135
4110,1.650545,0.696885
4111,1.818967,0.738336
4112,1.643745,0.722886
4113,1.659489,0.700217
4114,1.682781,0.749169
4115,1.621826,0.705705
4116,1.679405,0.718891
4117,1.637017,0.733190
4118,1.679199,0.715277
4119,1.796938,0.714885
4120,1.767441,0.712849
4121,1.773159,0.743619
4122,1.705982,0.730467
4123,1.799255,0.728466
4124,1.693238,0.734298
4125,1.689789,0.743723
4126,1.631899,0.739578
4127,1.619159,0.737689
4128,1.632428,0.737504
4129,1.638216,0.736269
4130,1.676150,0.733333
4131,1.694590,0.714881
4132,1.722141,0.710781
4133,1.907570,0.685377
4134,1.826426,0.715713
4135,1.781927,0.733395
4136,1.643481,0.728367
4137,1.626657,0.717596
4138,1.705124,0.730991
4139,1.670628,0.718733
4140,1.717240,0.721734
4141,1.745180,0.722855
4142,1.732168,0.716253
4143,1.667236,0.723402
4144,1.681669,0.738519
4145,1.677824,0.725168
4146,1.666640,0.712314
4147,1.695523,0.742362
4148,1.667818,0.731447
4149,1.717083,0.708505
4150,1.630219,0.705631
4151,1.704384,0.712491
4152,1.691300,0.683902
4153,1.888106,0.710983
4154,1.702934,0.705897
4155,1.809968,0.720883
4156,1.688451,0.730028
4157,1.733682,0.745927
4158,1.610963,0.717418
4159,1.767975,0.737900
4160,1.616228,0.734520
4161,1.674175,0.725512
4162,1.626698,0.717302
4163,1.771061,0.731491
4164,1.760428,0.678648
4165,1.756512,0.654780
4166,1.825264,0.703238
4167,1.650522,0.735386
4168,1.665058,0.715430
4169,1.636250,0.714176
4170,1.766889,0.745778
4171,1.684442,0.712939
4172,1.865384,0.732558
4173,1.652164,0.731496
4174,1.653221,0.726147
4175,1.642580,0.720051
4176,1.672574,0.710990
4177,1.725148,0.737609
4178,1.731299,0.733203
4179,1.775137,0.724652
4180,1.631994,0.731260
4181,1.673093,0.699118
4182,1.665085,0.724057
4183,1.757090,0.727274
4184,1.687851,0.724505
4185,1.757981,0.685188
4186,1.783839,0.723180
4187,1.733004,0.694160
4188,1.764053,0.713751
4189,1.714791,0.724152
4190,1.664347,0.714170
4191,1.777964,0.740602
4192,1.607670,0.725535
4193,1.660992,0.725517
4194,1.637675,0.718439
4195,1.734650,0.734232
4196,1.733314,0.732950
4197,1.752421,0.709207
4198,1.669006,0.676383
4199,1.676367,0.720512
4200,1.744017,0.721762
4201,1.724053,0.713593
4202,1.763794,0.719126
4203,1.731215,0.717718
4204,1.626304,0.677935
4205,1.804305,0.733686
4206,1.614988,0.730166
4207,1.686540,0.745449
4208,1.698146,0.732754
4209,1.751454,0.720742
4210,1.841723,0.714767
4211,1.717686,0.707362
4212,1.640700,0.726389
4213,1.629511,0.741154
4214,1.625832,0.736429
4215,1.667204,0.741454
4216,1.670435,0.715137
4217,1.634659,0.709916
4218,1.810682,0.749926
4219,1.648111,0.725239
4220,1.748916,0.710602
4221,1.690855,0.730403
4222,1.716809,0.712848
4223,1.721179,0.676618
4224,1.744948,0.713097
4225,1.711624,0.738567
4226,1.783641,0.661182
4227,1.783009,0.717000
4228,1.671716,0.678664
4229,1.767975,0.718944
4230,1.786076,0.738029
4231,1.621849,0.732405
4232,1.661893,0.707314
4233,1.648814,0.712111
4234,1.691678,0.695272
4235,1.758417,0.711657
4236,1.734050,0.737494
4237,1.671013,0.711534
4238,1.691156,0.731634
4239,1.671043,0.740740
4240,1.623202,0.728555
4241,1.704808,0.728026
4242,1.666680,0.706591
4243,1.606915,0.720257
4244,1.652130,0.730656
4245,1.660441,0.722226
4246,1.723389,0.720536
4247,1.649413,0.716997
4248,1.698647,0.739246
4249,1.643814,0.736151
4250,1.749841,0.719477
4251,1.863325,0.684839
4252,1.801416,0.722676
4253,1.683776,0.740492
4254,1.646419,0.718660
4255,1.693138,0.712633
4256,1.745038,0.699562
4257,1.805920,0.710044
4258,1.678515,0.728700
4259,1.745748,0.715013
4260,1.707203,0.701658
4261,1.733245,0.715947
4262,1.806686,0.733194
4263,1.839920,0.724884
4264,1.767654,0.730185
4265,1.633367,0.737834
4266,1.683772,0.740225
4267,1.662746,0.733847
4268,1.679069,0.732995
4269,1.638892,0.705931
4270,1.783105,0.736751
4271,1.657838,0.708894
4272,1.674876,0.755086
4273,1.658038,0.745774
4274,1.627508,0.740788
4275,1.664483,0.739435
4276,1.634054,0.741028
4277,1.698372,0.739218
4278,1.648260,0.718407
4279,1.727874,0.735023
4280,1.669115,0.700048
4281,1.711345,0.691901
4282,1.700238,0.707953
4283,1.806590,0.711588
4284,1.748898,0.717157
4285,1.876467,0.650630
4286,1.792636,0.724078
4287,1.714885,0.711258
4288,1.678855,0.722740
4289,1.722137,0.726712
4290,1.632516,0.721229
4291,1.664488,0.720935
4292,1.638995,0.734441
4293,1.616518,0.721390
4294,1.675372,0.725851
4295,1.605402,0.716180
4296,1.677513,0.719723
4297,1.717975,0.739479
4298,1.650782,0.739558
4299,1.664070,0.706275
4300,1.745757,0.720695
4301,1.762678,0.719723
4302,1.819381,0.744684
4303,1.657073,0.687246
4304,1.751858,0.707943
4305,1.675915,0.717073
4306,1.827102,0.732653
4307,1.711586,0.739296
4308,1.722896,0.716377
4309,1.734683,0.725651
4310,1.712551,0.726781
4311,1.633884,0.717923
4312,1.743033,0.730838
4313,1.625393,0.724944
4314,1.691832,0.742267
4315,1.667365,0.710698
4316,1.704891,0.750653
4317,1.615827,0.718061
4318,1.711896,0.736133
4319,1.631734,0.714678
4320,1.722833,0.736484
4321,1.662061,0.730253
4322,1.720767,0.710964
4323,1.746098,0.736917
4324,1.678733,0.743551
4325,1.655446,0.735020
4326,1.674982,0.722408
4327,1.693226,0.702306
4328,1.680865,0.720293
4329,1.695515,0.716489
4330,1.672203,0.726508
4331,1.760846,0.693160
4332,1.749694,0.715004
4333,1.709215,0.698740
4334,1.798555,0.711089
4335,1.689531,0.716664
4336,1.749482,0.724146
4337,1.611005,0.729194
4338,1.666554,0.739063
4339,1.634894,0.724198
4340,1.730250,0.737109
4341,1.588206,0.724347
4342,1.681150,0.754925
4343,1.623623,0.741341
4344,1.597060,0.735192
4345,1.633310,0.740661
4346,1.630846,0.721612
4347,1.703743,0.743802
4348,1.624479,0.730561
4349,1.778308,0.726742
4350,1.685884,0.723945
4351,1.820371,0.715996
4352,1.684594,0.738530
4353,1.642550,0.706471
4354,1.642051,0.672649
4355,1.736526,0.703539
4356,1.766080,0.717349
4357,1.740602,0.721772
4358,1.711966,0.663818
4359,1.738201,0.699653
4360,1.790033,0.713532
4361,1.633201,0.730780
4362,1.661643,0.717888
4363,1.683934,0.725899
4364,1.752692,0.727590
4365,1.712377,0.718395
4366,1.683629,0.697685
4367,1.770160,0.749088
4368,1.667787,0.715314
4369,1.729586,0.695522
4370,1.787164,0.745653
4371,1.601072,0.706464
4372,1.748795,0.742297
4373,1.645275,0.738918
4374,1.646707,0.722232
4375,1.678670,0.732904
4376,1.680147,0.731522
4377,1.651651,0.704992
4378,1.758196,0.714073
4379,1.762576,0.727935
4380,1.760556,0.712736
4381,1.721910,0.747027
4382,1.724031,0.710147
4383,1.724036,0.673035
4384,1.742330,0.696600
4385,1.692700,0.728353
4386,1.639085,0.731947
4387,1.685069,0.718465
4388,1.660103,0.742527
4389,1.609881,0.719209
4390,1.656375,0.714367
4391,1.742054,0.736563
4392,1.650672,0.685065
4393,1.861546,0.697525
4394,1.783295,0.671179
4395,1.796255,0.727169
4396,1.679028,0.733842
4397,1.714791,0.727442
4398,1.766471,0.717263
4399,1.703300,0.731279
4400,1.746744,0.723714
4401,1.620345,0.691125
4402,1.755739,0.726964
4403,1.684023,0.721285
4404,1.667515,0.719736
4405,1.661327,0.737331
4406,1.678524,0.737910
4407,1.647810,0.725807
4408,1.660150,0.734730
4409,1.631155,0.730257
4410,1.640132,0.700975
4411,1.663721,0.702311
4412,1.800089,0.696315
4413,1.730892,0.661228
4414,1.765380,0.674136
4415,1.698415,0.708451
4416,1.840902,0.709641
4417,1.652355,0.715787
4418,1.755377,0.721682
4419,1.728542,0.707603
4420,1.683996,0.729225
4421,1.694667,0.697833
4422,1.739415,0.722131
4423,1.765212,0.721874
4424,1.696820,0.732723
4425,1.675250,0.724212
4426,1.637151,0.708987
4427,1.765502,0.740170
4428,1.627977,0.706390
4429,1.752536,0.727881
4430,1.777581,0.704155
4431,1.702527,0.734833
4432,1.653872,0.733851
4433,1.657492,0.718072
4434,1.720211,0.691214
4435,1.648821,0.702183
4436,1.811961,0.714171
4437,1.719539,0.728592
4438,1.665987,0.713393
4439,1.757834,0.732909
4440,1.620989,0.722647
4441,1.742130,0.729586
4442,1.598365,0.711730
4443,1.710872,0.706616
4444,1.731855,0.698208
4445,1.709414,0.677254
4446,1.797897,0.706485
4447,1.773943,0.718753
4448,1.639862,0.722108
4449,1.713628,0.719251
4450,1.708226,0.719180
4451,1.711194,0.678789
4452,1.773375,0.715255
4453,1.710775,0.684284
4454,1.749278,0.731409
4455,1.600384,0.737286
4456,1.645608,0.744068
4457,1.630728,0.737469
4458,1.650854,0.733831
4459,1.656585,0.731869
4460,1.668526,0.721934
4461,1.660939,0.709847
4462,1.815719,0.724880
4463,1.683527,0.719609
4464,1.639588,0.720928
4465,1.724893,0.701311
4466,1.759660,0.727284
4467,1.702562,0.695472
4468,1.635568,0.727460
4469,1.665513,0.733204
4470,1.693554,0.752406
4471,1.602921,0.737769
4472,1.642929,0.738546
4473,1.638001,0.738737
4474,1.617591,0.729666
4475,1.676063,0.735234
4476,1.702164,0.728924
4477,1.728539,0.709966
4478,1.665769,0.725531
4479,1.762247,0.707395
4480,1.638584,0.689632
4481,1.828427,0.718016
4482,1.715576,0.679043
4483,1.626180,0.613243
4484,2.137892,0.631091
4485,1.798085,0.712581
4486,1.772572,0.737636
4487,1.696177,0.710805
4488,1.673599,0.709813
4489,1.751836,0.734780
4490,1.703125,0.660278
4491,1.799307,0.705121
4492,1.680132,0.723068
4493,1.746131,0.694407
4494,1.826200,0.692150
4495,1.692838,0.726838
4496,1.656125,0.730794
4497,1.691843,0.727762
4498,1.664481,0.730468
4499,1.655059,0.720800
4500,1.680216,0.704767
4501,1.738325,0.727002
4502,1.724866,0.722441
4503,1.752442,0.746011
4504,1.778030,0.737568
4505,1.740087,0.688916
4506,1.686429,0.731275
4507,1.611985,0.717183
4508,1.705812,0.737187
4509,1.608419,0.720973
4510,1.659300,0.723158
4511,1.625020,0.719858
4512,1.733755,0.732748
4513,1.654327,0.716377
4514,1.640877,0.685197
4515,1.692888,0.739220
4516,1.705762,0.739530
4517,1.797850,0.714385
4518,1.706065,0.707052
4519,1.694534,0.747255
4520,1.611202,0.735077
4521,1.648282,0.742331
4522,1.609158,0.735864
4523,1.640767,0.729193
4524,1.640065,0.740088
4525,1.649621,0.739605
4526,1.603724,0.725587
4527,1.651519,0.732950
4528,1.625904,0.738075
4529,1.682847,0.710837
4530,1.733987,0.715112
4531,1.708228,0.688798
4532,1.643260,0.711984
4533,1.827333,0.735875
4534,1.747914,0.709213
4535,1.799950,0.648083
4536,1.768909,0.738388
4537,1.643002,0.734587
4538,1.649098,0.711456
4539,1.727206,0.710914
4540,1.672944,0.712095
4541,1.713932,0.653030
4542,1.776923,0.724131
4543,1.666719,0.690173
4544,1.707532,0.737263
4545,1.653705,0.722052
4546,1.649924,0.727887
4547,1.696061,0.701399
4548,1.801398,0.709136
4549,1.724906,0.707552
4550,1.782596,0.662135
4551,1.675287,0.701574
4552,1.711580,0.716057
4553,1.692654,0.690658
4554,1.755871,0.699257
4555,1.714187,0.712610
4556,1.750749,0.693013
4557,1.695590,0.717457
4558,1.816868,0.746521
4559,1.741573,0.691977
4560,1.623171,0.706925
4561,1.747996,0.675647
4562,1.772383,0.704662
4563,1.781384,0.705992
4564,1.660425,0.734392
4565,1.676723,0.720654
4566,1.665984,0.726164
4567,1.657067,0.726442
4568,1.681885,0.716857
4569,1.661571,0.709424
4570,1.909277,0.733006
4571,1.706120,0.698419
4572,1.712947,0.699523
4573,1.724477,0.708776
4574,1.703204,0.729019
4575,1.625790,0.665120
4576,1.740537,0.715470
4577,1.743883,0.739786
4578,1.659921,0.710820
4579,1.752145,0.681376
4580,1.887991,0.720637
4581,1.727946,0.692981
4582,1.681141,0.707896
4583,1.658551,0.708868
4584,1.695983,0.727814
4585,1.719839,0.728216
4586,1.724296,0.741001
4587,1.666837,0.698273
4588,1.789876,0.729051
4589,1.727873,0.723473
4590,1.684002,0.706827
4591,1.710441,0.746827
4592,1.630812,0.721202
4593,1.665678,0.726513
4594,1.729617,0.725982
4595,1.667293,0.725809
4596,1.707020,0.711506
4597,1.694881,0.734511
4598,1.714091,0.735119
4599,1.666012,0.648611
4600,1.805591,0.712334
4601,1.788930,0.734453
4602,1.696599,0.690201
4603,1.713557,0.749382
4604,1.614553,0.736793
4605,1.643650,0.732783
4606,1.619194,0.737437
4607,1.677044,0.726588
4608,1.697790,0.670685
4609,1.666701,0.727257
4610,1.695143,0.759171
4611,1.590866,0.722300
4612,1.649637,0.728412
4613,1.652345,0.739290
4614,1.674806,0.711824
4615,1.734078,0.741951
4616,1.705184,0.708734
4617,1.748025,0.700715
4618,1.834873,0.718896
4619,1.642668,0.718194
4620,1.770048,0.717220
4621,1.638107,0.714872
4622,1.673940,0.732332
4623,1.590111,0.699159
4624,1.677149,0.726365
4625,1.662723,0.729504
4626,1.690031,0.743864
4627,1.658779,0.686349
4628,1.731521,0.742995
4629,1.769002,0.737162
4630,1.640136,0.728708
4631,1.660121,0.738576
4632,1.636024,0.687710
4633,1.762123,0.740915
4634,1.740677,0.680704
4635,1.679634,0.726314
4636,1.682167,0.710427
4637,1.768386,0.706643
4638,1.748649,0.701677
4639,1.756890,0.700120
4640,1.730967,0.676818
4641,1.586919,0.699522
4642,1.740189,0.735018
4643,1.631482,0.724484
4644,1.668519,0.693027
4645,1.861246,0.727750
4646,1.655918,0.708633
4647,1.695852,0.734568
4648,1.669567,0.719118
4649,1.655784,0.722875
4650,1.666810,0.736816
4651,1.684768,0.742114
4652,1.658450,0.701807
4653,1.733934,0.712642
4654,1.722618,0.665648
4655,1.778511,0.682149
4656,1.827977,0.715242
4657,1.746174,0.702802
4658,1.698670,0.731440
4659,1.710015,0.731359
4660,1.618710,0.706965
4661,1.716224,0.715349
4662,1.701912,0.688035
4663,1.568716,0.702148
4664,1.741641,0.724195
4665,1.629222,0.719680
4666,1.714650,0.743188
4667,1.706405,0.720070
4668,1.722608,0.736793
4669,1.688005,0.706576
4670,1.666485,0.718745
4671,1.702888,0.733814
4672,1.716620,0.742631
4673,1.652096,0.736096
4674,1.650518,0.725903
4675,1.693367,0.717801
4676,1.624214,0.735184
4677,1.655925,0.717778
4678,1.632103,0.701611
4679,1.732030,0.712474
4680,1.735686,0.724449
4681,1.788388,0.694878
4682,1.838531,0.728394
4683,1.686938,0.712627
4684,1.723326,0.724291
4685,1.617548,0.697273
4686,1.817238,0.701889
4687,1.639958,0.738639
4688,1.653788,0.749952
4689,1.613932,0.735264
4690,1.617099,0.724173
4691,1.639038,0.725390
4692,1.680054,0.722803
4693,1.784073,0.731871
4694,1.639702,0.699831
4695,1.775021,0.709482
4696,1.702993,0.713925
4697,1.756258,0.724195
4698,1.652135,0.741700
4699,1.657698,0.716418
4700,1.607948,0.705116
4701,1.647716,0.719813
4702,1.743915,0.721887
4703,1.667704,0.711736
4704,1.761925,0.728436
4705,1.640103,0.668524
4706,1.768875,0.733205
4707,1.782981,0.716656
4708,1.647494,0.737054
4709,1.647366,0.739944
4710,1.625981,0.733676
4711,1.637464,0.744196
4712,1.619965,0.741791
4713,1.658499,0.735027
4714,1.605775,0.739409
4715,1.642496,0.739669
4716,1.630996,0.737302
4717,1.632381,0.724184
4718,1.669809,0.742907
4719,1.709344,0.673151
4720,1.686511,0.723508
4721,1.752191,0.724516
4722,1.798424,0.722464
4723,1.620678,0.723830
4724,1.756852,0.732159
4725,1.770074,0.665314
4726,1.801017,0.713669
4727,1.698385,0.722070
4728,1.729989,0.718055
4729,1.731597,0.676634
4730,1.713607,0.696879
4731,1.672856,0.721505
4732,1.777827,0.738981
4733,1.659892,0.723823
4734,1.678984,0.711348
4735,1.761188,0.717451
4736,1.755271,0.712998
4737,1.710471,0.724914
4738,1.616147,0.738332
4739,1.639326,0.727917
4740,1.702389,0.715703
4741,1.676592,0.732241
4742,1.676330,0.722733
4743,1.624666,0.727403
4744,1.707189,0.746154
4745,1.708901,0.719093
4746,1.708237,0.737257
4747,1.577802,0.715741
4748,1.726186,0.740816
4749,1.679214,0.706119
4750,1.777817,0.708247
4751,1.757047,0.715023
4752,1.789528,0.750045
4753,1.663405,0.695667
4754,1.733849,0.710183
4755,1.692286,0.724750
4756,1.716029,0.715385
4757,1.622219,0.731257
4758,1.683146,0.714564
4759,1.673954,0.729812
4760,1.743727,0.733912
4761,1.656078,0.716180
4762,1.675951,0.719202
4763,1.682886,0.670141
4764,1.672774,0.728858
4765,1.671599,0.738505
4766,1.602925,0.739402
4767,1.634821,0.723200
4768,1.686413,0.713045
4769,1.758381,0.693055
4770,1.810790,0.718966
4771,1.731612,0.704042
4772,1.649961,0.672508
4773,1.777361,0.703269
4774,1.718292,0.706335
4775,1.777670,0.724728
4776,1.721794,0.716251
4777,1.784948,0.748304
4778,1.703540,0.734382
4779,1.708369,0.712365
4780,1.769172,0.726710
4781,1.764611,0.733763
4782,1.723855,0.729129
4783,1.706438,0.750267
4784,1.608054,0.739518
4785,1.636724,0.721368
4786,1.719678,0.742279
4787,1.636209,0.739205
4788,1.702189,0.703701
4789,1.683634,0.710364
4790,1.675674,0.718874
4791,1.754707,0.724911
4792,1.633825,0.728386
4793,1.667632,0.721070
4794,1.691818,0.712508
4795,1.721463,0.718260
4796,1.690997,0.723287
4797,1.657511,0.745877
4798,1.621595,0.739679
4799,1.633605,0.740425
4800,1.623323,0.743881
4801,1.634044,0.747021
4802,1.648881,0.744667
4803,1.660153,0.736527
4804,1.690750,0.712024
4805,1.754930,0.680279
4806,1.676701,0.658930
4807,1.729772,0.711461
4808,1.807658,0.697440
4809,1.673782,0.684481
4810,1.711520,0.716458
4811,1.685201,0.722931
4812,1.693733,0.665392
4813,1.836452,0.689984
4814,1.754034,0.721652
4815,1.741568,0.740510
4816,1.657461,0.740160
4817,1.669936,0.738222
4818,1.639470,0.743883
4819,1.630794,0.726651
4820,1.633333,0.727429
4821,1.691173,0.740584
4822,1.631508,0.735276
4823,1.623773,0.740035
4824,1.606799,0.711623
4825,1.696442,0.730610
4826,1.606572,0.743387
4827,1.706378,0.705815
4828,1.850417,0.717980
4829,1.629815,0.740339
4830,1.662337,0.727140
4831,1.639678,0.721986
4832,1.757428,0.706141
4833,1.868582,0.717392
4834,1.663764,0.720728
4835,1.670034,0.728017
4836,1.700484,0.710134
4837,1.627091,0.734518
4838,1.679389,0.717983
4839,1.745037,0.705889
4840,1.688583,0.719121
4841,1.707762,0.728307
4842,1.643774,0.735557
4843,1.674886,0.746580
4844,1.621958,0.715418
4845,1.733931,0.726111
4846,1.642972,0.704681
4847,1.685630,0.730196
4848,1.671509,0.726737
4849,1.783440,0.710914
4850,1.715921,0.685836
4851,1.784665,0.717968
4852,1.570899,0.724625
4853,1.691629,0.739910
4854,1.643693,0.726972
4855,1.669693,0.728894
4856,1.680770,0.704144
4857,1.730339,0.704809
4858,1.638870,0.726476
4859,1.736701,0.684876
4860,1.797877,0.715607
4861,1.761837,0.723781
4862,1.814000,0.736100
4863,1.625270,0.739075
4864,1.617360,0.724913
4865,1.645874,0.747131
4866,1.611152,0.711787
4867,1.675635,0.730130
4868,1.610747,0.724126
4869,1.659241,0.725051
4870,1.623590,0.715473
4871,1.676262,0.696633
4872,1.831787,0.696683
4873,1.859239,0.657105
4874,1.782125,0.719662
4875,1.616074,0.738335
4876,1.638839,0.725400
4877,1.683101,0.713860
4878,1.739315,0.725888
4879,1.790320,0.702426
4880,1.720515,0.718643
4881,1.742106,0.724857
4882,1.710564,0.738800
4883,1.645382,0.739423
4884,1.633830,0.729990
4885,1.709995,0.727490
4886,1.654776,0.653894
4887,1.721985,0.700079
4888,1.743140,0.702912
4889,1.716027,0.740122
4890,1.596985,0.715768
4891,1.731769,0.693873
4892,1.803817,0.703446
4893,1.776868,0.724826
4894,1.704711,0.706940
4895,1.795486,0.748639
4896,1.590778,0.734885
4897,1.669419,0.750044
4898,1.607366,0.732993
4899,1.673335,0.726973
4900,1.687384,0.728980
4901,1.669987,0.698796
4902,1.787645,0.742594
4903,1.701338,0.731168
4904,1.652047,0.732312
4905,1.661632,0.738220
4906,1.647265,0.749421
4907,1.633647,0.739141
4908,1.640434,0.725281
4909,1.815473,0.697909
4910,1.670759,0.729019
4911,1.689395,0.739432
4912,1.643541,0.721726
4913,1.712432,0.702721
4914,1.659964,0.713777
4915,1.713158,0.734798
4916,1.664453,0.721177
4917,1.729542,0.738281
4918,1.613798,0.716157
4919,1.691341,0.712051
4920,1.744052,0.708307
4921,1.717109,0.749764
4922,1.631966,0.742432
4923,1.620456,0.753493
4924,1.599858,0.739008
4925,1.633496,0.742996
4926,1.656673,0.733470
4927,1.692229,0.725113
4928,1.645314,0.710492
4929,1.750684,0.722831
4930,1.749999,0.674983
4931,1.697165,0.741972
4932,1.619630,0.734796
4933,1.623046,0.735361
4934,1.679513,0.744788
4935,1.627486,0.739417
4936,1.817905,0.719858
4937,1.766987,0.726572
4938,1.796594,0.732128
4939,1.630373,0.732634
4940,1.620768,0.730839
4941,1.652606,0.716367
4942,1.770605,0.726232
4943,1.704364,0.719582
4944,1.763888,0.746791
4945,1.640452,0.748211
4946,1.578082,0.734066
4947,1.660595,0.742504
4948,1.605315,0.720362
4949,1.731718,0.731516
4950,1.612055,0.701797
4951,1.816568,0.730453
4952,1.659400,0.699964
4953,1.834858,0.704661
4954,1.882813,0.718261
4955,1.599631,0.717516
4956,1.690392,0.694988
4957,1.763477,0.736338
4958,1.598210,0.721752
4959,1.637742,0.711326
4960,1.719544,0.723775
4961,1.735412,0.725585
4962,1.633256,0.717047
4963,1.800841,0.718937
4964,1.669251,0.726685
4965,1.649026,0.738954
4966,1.600876,0.720772
4967,1.741078,0.733268
4968,1.703730,0.724088
4969,1.711596,0.709754
4970,1.677224,0.725064
4971,1.739358,0.721407
4972,1.679352,0.720619
4973,1.717753,0.730003
4974,1.690126,0.722829
4975,1.746079,0.716469
4976,1.774907,0.674836
4977,1.661738,0.703812
4978,1.761634,0.725898
4979,1.725901,0.722878
4980,1.634750,0.717725
4981,1.709940,0.738146
4982,1.631118,0.711150
4983,1.855497,0.729869
4984,1.694642,0.723121
4985,1.693263,0.725355
4986,1.662222,0.712998
4987,1.676738,0.713751
4988,1.704125,0.671994
4989,1.723290,0.746128
4990,1.657534,0.644633
4991,1.841951,0.715915
4992,1.714845,0.693731
4993,1.688956,0.745096
4994,1.601853,0.739529
4995,1.685411,0.735698
4996,1.657287,0.745014
4997,1.622559,0.743461
4998,1.622379,0.745072
4999,1.613296,0.738041
