08:35:38 [INFO] __main__:35: Config: prob_nn/prob_nn.yaml
08:35:38 [INFO] __main__:36: Output: result/prob_nn_03_01_08_35
08:35:38 [INFO] jax._src.xla_bridge:810: Unable to initialize backend 'tpu': INTERNAL: Failed to open libtpu.so: libtpu.so: cannot open shared object file: No such file or directory
08:35:38 [INFO] __main__:37: JAX devices: [CudaDevice(id=0)]
08:35:38 [INFO] __main__:40: Loading data...
08:35:38 [INFO] data_loader:171: Loading training events...
08:35:38 [INFO] data_loader:142:   Bear_2020: grid=(287, 415), days=10, static_cnn=(7, 287, 415), fire=(11, 287, 415), fuel_mask=98.9% burnable
08:35:39 [INFO] data_loader:142:   Ferguson_2018: grid=(983, 822), days=10, static_cnn=(7, 983, 822), fire=(11, 983, 822), fuel_mask=96.5% burnable
08:35:39 [INFO] data_loader:142:   Brattain_2020: grid=(752, 676), days=10, static_cnn=(7, 752, 676), fire=(11, 752, 676), fuel_mask=90.5% burnable
08:35:39 [INFO] data_loader:142:   Chimney_2016: grid=(557, 653), days=10, static_cnn=(7, 557, 653), fire=(11, 557, 653), fuel_mask=96.8% burnable
08:35:39 [INFO] data_loader:142:   Buck_2017: grid=(455, 473), days=10, static_cnn=(7, 455, 473), fire=(11, 455, 473), fuel_mask=93.5% burnable
08:35:39 [INFO] data_loader:142:   Pier_2017: grid=(679, 706), days=10, static_cnn=(7, 679, 706), fire=(11, 679, 706), fuel_mask=98.2% burnable
08:35:39 [INFO] data_loader:185: No test events configured, skipping validation data.
08:35:39 [INFO] __main__:44: Creating model...
08:35:41 [INFO] __main__:54:   Loaded pretrained model from result_saved/prob_nn_02_28_16_56_all_50/best_loss.eqx
08:35:41 [INFO] __main__:61:   Model parameters: 36,018
08:35:41 [INFO] __main__:62:   Kernel size: 7
08:35:41 [INFO] __main__:63:   Branch out channels: 32
08:35:41 [INFO] __main__:64:   Burn duration: 10
08:35:41 [INFO] __main__:67: ======================================================================
08:35:41 [INFO] __main__:68: TRAINING
08:35:41 [INFO] __main__:69: ======================================================================
08:35:43 [INFO] training:207: Single-day mode: 60 days, 60 updates/epoch
08:35:43 [INFO] training:208: Event days: {'Bear_2020': 10, 'Ferguson_2018': 10, 'Brattain_2020': 10, 'Chimney_2016': 10, 'Buck_2017': 10, 'Pier_2017': 10}
08:35:43 [INFO] training:209: Event loss scales: {'Bear_2020': '0.100', 'Ferguson_2018': '0.100', 'Brattain_2020': '0.100', 'Chimney_2016': '0.100', 'Buck_2017': '0.100', 'Pier_2017': '0.100'}
08:35:43 [INFO] training:210: Constant LR: 0.0001
08:35:43 [INFO] training:211: Per-element grad clip: [-5.0, 5.0]
08:35:43 [INFO] training:212: Early stopping patience: 1000 validation checks
08:35:43 [INFO] training:213: Checkpoint saving starts at epoch 200
08:35:43 [INFO] training:214: Train events: ['Bear_2020', 'Ferguson_2018', 'Brattain_2020', 'Chimney_2016', 'Buck_2017', 'Pier_2017']
08:35:43 [INFO] training:215: Val events: []
08:35:43 [INFO] training:225: Saving per-epoch loss+iou to result/prob_nn_03_01_08_35/loss.csv
08:37:11 [INFO] training:341: Epoch 0: avg=1.7381, best=1.7381, best_iou=0.7222, Bear_2020 iou=0.791, Ferguson_2018 iou=0.593, Brattain_2020 iou=0.741, Chimney_2016 iou=0.751, Buck_2017 iou=0.662, Pier_2017 iou=0.795 (68.25s)
08:38:13 [INFO] training:341: Epoch 10: avg=1.8165, best=1.7381, best_iou=0.7222, Bear_2020 iou=0.734, Ferguson_2018 iou=0.585, Brattain_2020 iou=0.737, Chimney_2016 iou=0.682, Buck_2017 iou=0.623, Pier_2017 iou=0.797 (1.17s)
08:39:13 [INFO] training:341: Epoch 20: avg=1.8087, best=1.7318, best_iou=0.7222, Bear_2020 iou=0.819, Ferguson_2018 iou=0.558, Brattain_2020 iou=0.750, Chimney_2016 iou=0.721, Buck_2017 iou=0.644, Pier_2017 iou=0.795 (1.16s)
08:40:15 [INFO] training:341: Epoch 30: avg=2.0029, best=1.7134, best_iou=0.7353, Bear_2020 iou=0.810, Ferguson_2018 iou=0.571, Brattain_2020 iou=0.734, Chimney_2016 iou=0.884, Buck_2017 iou=0.555, Pier_2017 iou=0.649 (1.17s)
08:41:15 [INFO] training:341: Epoch 40: avg=1.7166, best=1.6939, best_iou=0.7353, Bear_2020 iou=0.778, Ferguson_2018 iou=0.591, Brattain_2020 iou=0.746, Chimney_2016 iou=0.720, Buck_2017 iou=0.648, Pier_2017 iou=0.772 (1.17s)
08:42:15 [INFO] training:341: Epoch 50: avg=1.9621, best=1.6939, best_iou=0.7353, Bear_2020 iou=0.725, Ferguson_2018 iou=0.591, Brattain_2020 iou=0.752, Chimney_2016 iou=0.796, Buck_2017 iou=0.527, Pier_2017 iou=0.803 (1.15s)
08:43:16 [INFO] training:341: Epoch 60: avg=1.7668, best=1.6939, best_iou=0.7353, Bear_2020 iou=0.787, Ferguson_2018 iou=0.596, Brattain_2020 iou=0.738, Chimney_2016 iou=0.674, Buck_2017 iou=0.647, Pier_2017 iou=0.804 (1.16s)
08:44:18 [INFO] training:341: Epoch 70: avg=1.8135, best=1.6939, best_iou=0.7353, Bear_2020 iou=0.750, Ferguson_2018 iou=0.582, Brattain_2020 iou=0.734, Chimney_2016 iou=0.811, Buck_2017 iou=0.643, Pier_2017 iou=0.736 (1.16s)
08:45:19 [INFO] training:341: Epoch 80: avg=1.7660, best=1.6939, best_iou=0.7353, Bear_2020 iou=0.799, Ferguson_2018 iou=0.582, Brattain_2020 iou=0.733, Chimney_2016 iou=0.824, Buck_2017 iou=0.646, Pier_2017 iou=0.713 (1.15s)
08:46:22 [INFO] training:341: Epoch 90: avg=1.8424, best=1.6939, best_iou=0.7353, Bear_2020 iou=0.790, Ferguson_2018 iou=0.585, Brattain_2020 iou=0.736, Chimney_2016 iou=0.676, Buck_2017 iou=0.572, Pier_2017 iou=0.784 (1.16s)
08:47:25 [INFO] training:341: Epoch 100: avg=1.8621, best=1.6939, best_iou=0.7353, Bear_2020 iou=0.712, Ferguson_2018 iou=0.578, Brattain_2020 iou=0.746, Chimney_2016 iou=0.841, Buck_2017 iou=0.635, Pier_2017 iou=0.722 (1.17s)
08:48:30 [INFO] training:341: Epoch 110: avg=1.7700, best=1.6939, best_iou=0.7353, Bear_2020 iou=0.786, Ferguson_2018 iou=0.591, Brattain_2020 iou=0.748, Chimney_2016 iou=0.723, Buck_2017 iou=0.612, Pier_2017 iou=0.782 (1.19s)
08:49:34 [INFO] training:341: Epoch 120: avg=1.7039, best=1.6939, best_iou=0.7353, Bear_2020 iou=0.786, Ferguson_2018 iou=0.597, Brattain_2020 iou=0.740, Chimney_2016 iou=0.712, Buck_2017 iou=0.626, Pier_2017 iou=0.804 (1.17s)
08:50:34 [INFO] training:341: Epoch 130: avg=1.7396, best=1.6936, best_iou=0.7353, Bear_2020 iou=0.685, Ferguson_2018 iou=0.575, Brattain_2020 iou=0.727, Chimney_2016 iou=0.586, Buck_2017 iou=0.633, Pier_2017 iou=0.773 (1.15s)
08:51:37 [INFO] training:341: Epoch 140: avg=1.8134, best=1.6936, best_iou=0.7353, Bear_2020 iou=0.785, Ferguson_2018 iou=0.582, Brattain_2020 iou=0.753, Chimney_2016 iou=0.752, Buck_2017 iou=0.600, Pier_2017 iou=0.643 (1.16s)
08:52:38 [INFO] training:341: Epoch 150: avg=1.7881, best=1.6899, best_iou=0.7353, Bear_2020 iou=0.818, Ferguson_2018 iou=0.595, Brattain_2020 iou=0.740, Chimney_2016 iou=0.724, Buck_2017 iou=0.653, Pier_2017 iou=0.800 (1.16s)
08:53:38 [INFO] training:341: Epoch 160: avg=1.9286, best=1.6899, best_iou=0.7353, Bear_2020 iou=0.807, Ferguson_2018 iou=0.582, Brattain_2020 iou=0.736, Chimney_2016 iou=0.856, Buck_2017 iou=0.614, Pier_2017 iou=0.730 (1.17s)
08:54:39 [INFO] training:341: Epoch 170: avg=1.7290, best=1.6899, best_iou=0.7353, Bear_2020 iou=0.768, Ferguson_2018 iou=0.586, Brattain_2020 iou=0.741, Chimney_2016 iou=0.706, Buck_2017 iou=0.629, Pier_2017 iou=0.797 (1.16s)
08:55:41 [INFO] training:341: Epoch 180: avg=1.7120, best=1.6865, best_iou=0.7353, Bear_2020 iou=0.726, Ferguson_2018 iou=0.591, Brattain_2020 iou=0.753, Chimney_2016 iou=0.739, Buck_2017 iou=0.593, Pier_2017 iou=0.793 (1.16s)
08:56:41 [INFO] training:341: Epoch 190: avg=1.8010, best=1.6865, best_iou=0.7353, Bear_2020 iou=0.813, Ferguson_2018 iou=0.594, Brattain_2020 iou=0.743, Chimney_2016 iou=0.719, Buck_2017 iou=0.588, Pier_2017 iou=0.790 (1.16s)
08:57:42 [INFO] training:341: Epoch 200: avg=1.7051, best=1.6865, best_iou=0.7353, Bear_2020 iou=0.813, Ferguson_2018 iou=0.592, Brattain_2020 iou=0.741, Chimney_2016 iou=0.731, Buck_2017 iou=0.651, Pier_2017 iou=0.795 (1.17s)
08:58:42 [INFO] training:341: Epoch 210: avg=1.8329, best=1.6865, best_iou=0.7388, Bear_2020 iou=0.792, Ferguson_2018 iou=0.594, Brattain_2020 iou=0.748, Chimney_2016 iou=0.732, Buck_2017 iou=0.528, Pier_2017 iou=0.800 (1.16s)
08:59:46 [INFO] training:341: Epoch 220: avg=1.7776, best=1.6865, best_iou=0.7388, Bear_2020 iou=0.791, Ferguson_2018 iou=0.590, Brattain_2020 iou=0.741, Chimney_2016 iou=0.724, Buck_2017 iou=0.643, Pier_2017 iou=0.771 (1.16s)
09:00:47 [INFO] training:341: Epoch 230: avg=1.7007, best=1.6865, best_iou=0.7388, Bear_2020 iou=0.802, Ferguson_2018 iou=0.594, Brattain_2020 iou=0.745, Chimney_2016 iou=0.727, Buck_2017 iou=0.641, Pier_2017 iou=0.796 (1.17s)
09:01:48 [INFO] training:341: Epoch 240: avg=1.8086, best=1.6865, best_iou=0.7388, Bear_2020 iou=0.594, Ferguson_2018 iou=0.594, Brattain_2020 iou=0.738, Chimney_2016 iou=0.730, Buck_2017 iou=0.585, Pier_2017 iou=0.793 (1.17s)
09:02:49 [INFO] training:341: Epoch 250: avg=1.9331, best=1.6865, best_iou=0.7388, Bear_2020 iou=0.661, Ferguson_2018 iou=0.580, Brattain_2020 iou=0.719, Chimney_2016 iou=0.795, Buck_2017 iou=0.644, Pier_2017 iou=0.714 (1.16s)
09:03:50 [INFO] training:341: Epoch 260: avg=1.7544, best=1.6865, best_iou=0.7388, Bear_2020 iou=0.769, Ferguson_2018 iou=0.595, Brattain_2020 iou=0.749, Chimney_2016 iou=0.741, Buck_2017 iou=0.650, Pier_2017 iou=0.808 (1.16s)
09:04:54 [INFO] training:341: Epoch 270: avg=1.8111, best=1.6865, best_iou=0.7388, Bear_2020 iou=0.821, Ferguson_2018 iou=0.594, Brattain_2020 iou=0.720, Chimney_2016 iou=0.700, Buck_2017 iou=0.594, Pier_2017 iou=0.800 (1.18s)
09:05:55 [INFO] training:341: Epoch 280: avg=1.7499, best=1.6865, best_iou=0.7388, Bear_2020 iou=0.820, Ferguson_2018 iou=0.593, Brattain_2020 iou=0.751, Chimney_2016 iou=0.803, Buck_2017 iou=0.623, Pier_2017 iou=0.780 (1.16s)
09:06:57 [INFO] training:341: Epoch 290: avg=1.7082, best=1.6809, best_iou=0.7388, Bear_2020 iou=0.810, Ferguson_2018 iou=0.575, Brattain_2020 iou=0.743, Chimney_2016 iou=0.715, Buck_2017 iou=0.592, Pier_2017 iou=0.798 (1.16s)
09:07:58 [INFO] training:341: Epoch 300: avg=1.8921, best=1.6809, best_iou=0.7388, Bear_2020 iou=0.648, Ferguson_2018 iou=0.597, Brattain_2020 iou=0.718, Chimney_2016 iou=0.613, Buck_2017 iou=0.610, Pier_2017 iou=0.796 (1.16s)
09:08:59 [INFO] training:341: Epoch 310: avg=1.7258, best=1.6809, best_iou=0.7388, Bear_2020 iou=0.702, Ferguson_2018 iou=0.599, Brattain_2020 iou=0.739, Chimney_2016 iou=0.606, Buck_2017 iou=0.651, Pier_2017 iou=0.794 (1.16s)
09:10:04 [INFO] training:341: Epoch 320: avg=1.7017, best=1.6809, best_iou=0.7388, Bear_2020 iou=0.785, Ferguson_2018 iou=0.592, Brattain_2020 iou=0.739, Chimney_2016 iou=0.721, Buck_2017 iou=0.622, Pier_2017 iou=0.784 (1.16s)
09:11:06 [INFO] training:341: Epoch 330: avg=1.7000, best=1.6809, best_iou=0.7388, Bear_2020 iou=0.792, Ferguson_2018 iou=0.601, Brattain_2020 iou=0.735, Chimney_2016 iou=0.722, Buck_2017 iou=0.656, Pier_2017 iou=0.797 (1.16s)
09:12:07 [INFO] training:341: Epoch 340: avg=1.7271, best=1.6809, best_iou=0.7388, Bear_2020 iou=0.819, Ferguson_2018 iou=0.595, Brattain_2020 iou=0.742, Chimney_2016 iou=0.781, Buck_2017 iou=0.647, Pier_2017 iou=0.797 (1.16s)
09:13:09 [INFO] training:341: Epoch 350: avg=1.8497, best=1.6809, best_iou=0.7388, Bear_2020 iou=0.756, Ferguson_2018 iou=0.580, Brattain_2020 iou=0.740, Chimney_2016 iou=0.881, Buck_2017 iou=0.535, Pier_2017 iou=0.684 (1.16s)
09:14:11 [INFO] training:341: Epoch 360: avg=1.8029, best=1.6809, best_iou=0.7388, Bear_2020 iou=0.781, Ferguson_2018 iou=0.594, Brattain_2020 iou=0.749, Chimney_2016 iou=0.556, Buck_2017 iou=0.628, Pier_2017 iou=0.790 (1.16s)
09:15:13 [INFO] training:341: Epoch 370: avg=1.7914, best=1.6809, best_iou=0.7388, Bear_2020 iou=0.823, Ferguson_2018 iou=0.598, Brattain_2020 iou=0.747, Chimney_2016 iou=0.711, Buck_2017 iou=0.643, Pier_2017 iou=0.801 (1.16s)
09:16:16 [INFO] training:341: Epoch 380: avg=1.8766, best=1.6804, best_iou=0.7388, Bear_2020 iou=0.794, Ferguson_2018 iou=0.579, Brattain_2020 iou=0.740, Chimney_2016 iou=0.873, Buck_2017 iou=0.579, Pier_2017 iou=0.667 (1.17s)
09:17:22 [INFO] training:341: Epoch 390: avg=1.7852, best=1.6804, best_iou=0.7388, Bear_2020 iou=0.800, Ferguson_2018 iou=0.597, Brattain_2020 iou=0.739, Chimney_2016 iou=0.744, Buck_2017 iou=0.612, Pier_2017 iou=0.790 (1.17s)
09:18:24 [INFO] training:341: Epoch 400: avg=1.7930, best=1.6804, best_iou=0.7388, Bear_2020 iou=0.671, Ferguson_2018 iou=0.596, Brattain_2020 iou=0.754, Chimney_2016 iou=0.726, Buck_2017 iou=0.585, Pier_2017 iou=0.795 (1.16s)
09:19:27 [INFO] training:341: Epoch 410: avg=1.8913, best=1.6804, best_iou=0.7388, Bear_2020 iou=0.816, Ferguson_2018 iou=0.589, Brattain_2020 iou=0.737, Chimney_2016 iou=0.768, Buck_2017 iou=0.597, Pier_2017 iou=0.790 (1.16s)
09:20:29 [INFO] training:341: Epoch 420: avg=1.7486, best=1.6804, best_iou=0.7388, Bear_2020 iou=0.814, Ferguson_2018 iou=0.598, Brattain_2020 iou=0.746, Chimney_2016 iou=0.697, Buck_2017 iou=0.639, Pier_2017 iou=0.795 (1.17s)
09:21:32 [INFO] training:341: Epoch 430: avg=1.6827, best=1.6804, best_iou=0.7388, Bear_2020 iou=0.819, Ferguson_2018 iou=0.603, Brattain_2020 iou=0.757, Chimney_2016 iou=0.723, Buck_2017 iou=0.647, Pier_2017 iou=0.794 (1.17s)
09:22:34 [INFO] training:341: Epoch 440: avg=1.7255, best=1.6804, best_iou=0.7388, Bear_2020 iou=0.821, Ferguson_2018 iou=0.593, Brattain_2020 iou=0.746, Chimney_2016 iou=0.775, Buck_2017 iou=0.637, Pier_2017 iou=0.790 (1.17s)
09:23:36 [INFO] training:341: Epoch 450: avg=1.8008, best=1.6801, best_iou=0.7388, Bear_2020 iou=0.785, Ferguson_2018 iou=0.579, Brattain_2020 iou=0.736, Chimney_2016 iou=0.861, Buck_2017 iou=0.630, Pier_2017 iou=0.713 (1.16s)
09:24:39 [INFO] training:341: Epoch 460: avg=1.7635, best=1.6796, best_iou=0.7388, Bear_2020 iou=0.772, Ferguson_2018 iou=0.592, Brattain_2020 iou=0.762, Chimney_2016 iou=0.711, Buck_2017 iou=0.632, Pier_2017 iou=0.765 (1.16s)
09:25:46 [INFO] training:341: Epoch 470: avg=1.8046, best=1.6796, best_iou=0.7388, Bear_2020 iou=0.818, Ferguson_2018 iou=0.597, Brattain_2020 iou=0.743, Chimney_2016 iou=0.751, Buck_2017 iou=0.598, Pier_2017 iou=0.798 (1.16s)
09:26:49 [INFO] training:341: Epoch 480: avg=1.7361, best=1.6796, best_iou=0.7388, Bear_2020 iou=0.768, Ferguson_2018 iou=0.603, Brattain_2020 iou=0.759, Chimney_2016 iou=0.798, Buck_2017 iou=0.577, Pier_2017 iou=0.799 (1.17s)
09:27:53 [INFO] training:341: Epoch 490: avg=1.7786, best=1.6796, best_iou=0.7388, Bear_2020 iou=0.796, Ferguson_2018 iou=0.598, Brattain_2020 iou=0.724, Chimney_2016 iou=0.671, Buck_2017 iou=0.659, Pier_2017 iou=0.801 (1.27s)
09:28:58 [INFO] training:341: Epoch 500: avg=1.7834, best=1.6796, best_iou=0.7388, Bear_2020 iou=0.817, Ferguson_2018 iou=0.590, Brattain_2020 iou=0.738, Chimney_2016 iou=0.837, Buck_2017 iou=0.641, Pier_2017 iou=0.747 (1.20s)
09:30:02 [INFO] training:341: Epoch 510: avg=1.7728, best=1.6796, best_iou=0.7388, Bear_2020 iou=0.819, Ferguson_2018 iou=0.598, Brattain_2020 iou=0.758, Chimney_2016 iou=0.646, Buck_2017 iou=0.631, Pier_2017 iou=0.761 (1.23s)
09:31:07 [INFO] training:341: Epoch 520: avg=1.7497, best=1.6796, best_iou=0.7388, Bear_2020 iou=0.806, Ferguson_2018 iou=0.597, Brattain_2020 iou=0.733, Chimney_2016 iou=0.717, Buck_2017 iou=0.628, Pier_2017 iou=0.799 (1.23s)
09:32:12 [INFO] training:341: Epoch 530: avg=1.7531, best=1.6796, best_iou=0.7388, Bear_2020 iou=0.776, Ferguson_2018 iou=0.584, Brattain_2020 iou=0.748, Chimney_2016 iou=0.722, Buck_2017 iou=0.622, Pier_2017 iou=0.795 (1.27s)
09:33:17 [INFO] training:341: Epoch 540: avg=1.7379, best=1.6796, best_iou=0.7388, Bear_2020 iou=0.803, Ferguson_2018 iou=0.593, Brattain_2020 iou=0.748, Chimney_2016 iou=0.756, Buck_2017 iou=0.652, Pier_2017 iou=0.782 (1.26s)
09:34:21 [INFO] training:341: Epoch 550: avg=1.8083, best=1.6796, best_iou=0.7388, Bear_2020 iou=0.813, Ferguson_2018 iou=0.586, Brattain_2020 iou=0.747, Chimney_2016 iou=0.650, Buck_2017 iou=0.660, Pier_2017 iou=0.768 (1.26s)
09:35:26 [INFO] training:341: Epoch 560: avg=1.8393, best=1.6796, best_iou=0.7388, Bear_2020 iou=0.721, Ferguson_2018 iou=0.592, Brattain_2020 iou=0.752, Chimney_2016 iou=0.741, Buck_2017 iou=0.633, Pier_2017 iou=0.779 (1.23s)
09:36:35 [INFO] training:341: Epoch 570: avg=1.7557, best=1.6796, best_iou=0.7388, Bear_2020 iou=0.708, Ferguson_2018 iou=0.593, Brattain_2020 iou=0.740, Chimney_2016 iou=0.757, Buck_2017 iou=0.598, Pier_2017 iou=0.782 (1.17s)
09:37:38 [INFO] training:341: Epoch 580: avg=1.8359, best=1.6796, best_iou=0.7388, Bear_2020 iou=0.783, Ferguson_2018 iou=0.577, Brattain_2020 iou=0.717, Chimney_2016 iou=0.881, Buck_2017 iou=0.645, Pier_2017 iou=0.642 (1.17s)
09:38:41 [INFO] training:341: Epoch 590: avg=1.6892, best=1.6796, best_iou=0.7388, Bear_2020 iou=0.750, Ferguson_2018 iou=0.596, Brattain_2020 iou=0.753, Chimney_2016 iou=0.703, Buck_2017 iou=0.650, Pier_2017 iou=0.756 (1.17s)
09:39:44 [INFO] training:341: Epoch 600: avg=1.7505, best=1.6796, best_iou=0.7388, Bear_2020 iou=0.814, Ferguson_2018 iou=0.595, Brattain_2020 iou=0.756, Chimney_2016 iou=0.746, Buck_2017 iou=0.652, Pier_2017 iou=0.793 (1.17s)
09:40:47 [INFO] training:341: Epoch 610: avg=1.7108, best=1.6796, best_iou=0.7388, Bear_2020 iou=0.824, Ferguson_2018 iou=0.601, Brattain_2020 iou=0.748, Chimney_2016 iou=0.666, Buck_2017 iou=0.659, Pier_2017 iou=0.794 (1.16s)
09:41:49 [INFO] training:341: Epoch 620: avg=1.7457, best=1.6705, best_iou=0.7388, Bear_2020 iou=0.772, Ferguson_2018 iou=0.596, Brattain_2020 iou=0.757, Chimney_2016 iou=0.707, Buck_2017 iou=0.551, Pier_2017 iou=0.706 (1.17s)
09:42:52 [INFO] training:341: Epoch 630: avg=1.8513, best=1.6705, best_iou=0.7388, Bear_2020 iou=0.814, Ferguson_2018 iou=0.590, Brattain_2020 iou=0.752, Chimney_2016 iou=0.790, Buck_2017 iou=0.647, Pier_2017 iou=0.794 (1.16s)
09:43:56 [INFO] training:341: Epoch 640: avg=1.8238, best=1.6705, best_iou=0.7388, Bear_2020 iou=0.621, Ferguson_2018 iou=0.601, Brattain_2020 iou=0.703, Chimney_2016 iou=0.548, Buck_2017 iou=0.650, Pier_2017 iou=0.798 (1.23s)
09:44:59 [INFO] training:341: Epoch 650: avg=1.8165, best=1.6631, best_iou=0.7400, Bear_2020 iou=0.664, Ferguson_2018 iou=0.589, Brattain_2020 iou=0.736, Chimney_2016 iou=0.636, Buck_2017 iou=0.626, Pier_2017 iou=0.734 (1.16s)
09:46:03 [INFO] training:341: Epoch 660: avg=1.7964, best=1.6631, best_iou=0.7400, Bear_2020 iou=0.821, Ferguson_2018 iou=0.588, Brattain_2020 iou=0.746, Chimney_2016 iou=0.821, Buck_2017 iou=0.652, Pier_2017 iou=0.743 (1.19s)
09:47:07 [INFO] training:341: Epoch 670: avg=1.8315, best=1.6631, best_iou=0.7400, Bear_2020 iou=0.805, Ferguson_2018 iou=0.585, Brattain_2020 iou=0.737, Chimney_2016 iou=0.576, Buck_2017 iou=0.651, Pier_2017 iou=0.778 (1.21s)
09:48:19 [INFO] training:341: Epoch 680: avg=1.7797, best=1.6631, best_iou=0.7400, Bear_2020 iou=0.748, Ferguson_2018 iou=0.592, Brattain_2020 iou=0.716, Chimney_2016 iou=0.809, Buck_2017 iou=0.623, Pier_2017 iou=0.793 (1.22s)
09:49:25 [INFO] training:341: Epoch 690: avg=1.7703, best=1.6631, best_iou=0.7400, Bear_2020 iou=0.716, Ferguson_2018 iou=0.590, Brattain_2020 iou=0.749, Chimney_2016 iou=0.817, Buck_2017 iou=0.634, Pier_2017 iou=0.756 (1.24s)
09:50:29 [INFO] training:341: Epoch 700: avg=1.7552, best=1.6631, best_iou=0.7400, Bear_2020 iou=0.792, Ferguson_2018 iou=0.599, Brattain_2020 iou=0.753, Chimney_2016 iou=0.721, Buck_2017 iou=0.629, Pier_2017 iou=0.805 (1.16s)
09:51:31 [INFO] training:341: Epoch 710: avg=1.7688, best=1.6631, best_iou=0.7400, Bear_2020 iou=0.808, Ferguson_2018 iou=0.600, Brattain_2020 iou=0.738, Chimney_2016 iou=0.738, Buck_2017 iou=0.613, Pier_2017 iou=0.795 (1.16s)
09:52:34 [INFO] training:341: Epoch 720: avg=1.7200, best=1.6631, best_iou=0.7400, Bear_2020 iou=0.826, Ferguson_2018 iou=0.592, Brattain_2020 iou=0.744, Chimney_2016 iou=0.714, Buck_2017 iou=0.641, Pier_2017 iou=0.801 (1.17s)
09:53:37 [INFO] training:341: Epoch 730: avg=1.7963, best=1.6631, best_iou=0.7400, Bear_2020 iou=0.662, Ferguson_2018 iou=0.582, Brattain_2020 iou=0.740, Chimney_2016 iou=0.585, Buck_2017 iou=0.646, Pier_2017 iou=0.778 (1.16s)
09:54:40 [INFO] training:341: Epoch 740: avg=1.8542, best=1.6631, best_iou=0.7400, Bear_2020 iou=0.817, Ferguson_2018 iou=0.591, Brattain_2020 iou=0.743, Chimney_2016 iou=0.804, Buck_2017 iou=0.613, Pier_2017 iou=0.701 (1.16s)
09:55:42 [INFO] training:341: Epoch 750: avg=1.7061, best=1.6631, best_iou=0.7400, Bear_2020 iou=0.769, Ferguson_2018 iou=0.601, Brattain_2020 iou=0.754, Chimney_2016 iou=0.743, Buck_2017 iou=0.645, Pier_2017 iou=0.808 (1.18s)
09:56:45 [INFO] training:341: Epoch 760: avg=1.9225, best=1.6631, best_iou=0.7400, Bear_2020 iou=0.803, Ferguson_2018 iou=0.585, Brattain_2020 iou=0.717, Chimney_2016 iou=0.850, Buck_2017 iou=0.607, Pier_2017 iou=0.737 (1.16s)
09:57:48 [INFO] training:341: Epoch 770: avg=1.7075, best=1.6631, best_iou=0.7400, Bear_2020 iou=0.825, Ferguson_2018 iou=0.604, Brattain_2020 iou=0.756, Chimney_2016 iou=0.702, Buck_2017 iou=0.658, Pier_2017 iou=0.804 (1.16s)
09:58:50 [INFO] training:341: Epoch 780: avg=1.8650, best=1.6631, best_iou=0.7400, Bear_2020 iou=0.624, Ferguson_2018 iou=0.592, Brattain_2020 iou=0.753, Chimney_2016 iou=0.813, Buck_2017 iou=0.568, Pier_2017 iou=0.623 (1.16s)
10:00:00 [INFO] training:341: Epoch 790: avg=1.7901, best=1.6631, best_iou=0.7400, Bear_2020 iou=0.814, Ferguson_2018 iou=0.594, Brattain_2020 iou=0.740, Chimney_2016 iou=0.712, Buck_2017 iou=0.641, Pier_2017 iou=0.795 (1.17s)
10:01:03 [INFO] training:341: Epoch 800: avg=1.8142, best=1.6631, best_iou=0.7400, Bear_2020 iou=0.620, Ferguson_2018 iou=0.596, Brattain_2020 iou=0.710, Chimney_2016 iou=0.820, Buck_2017 iou=0.634, Pier_2017 iou=0.757 (1.16s)
10:02:08 [INFO] training:341: Epoch 810: avg=1.7079, best=1.6631, best_iou=0.7400, Bear_2020 iou=0.823, Ferguson_2018 iou=0.600, Brattain_2020 iou=0.749, Chimney_2016 iou=0.772, Buck_2017 iou=0.659, Pier_2017 iou=0.794 (1.25s)
10:03:13 [INFO] training:341: Epoch 820: avg=2.0169, best=1.6631, best_iou=0.7400, Bear_2020 iou=0.799, Ferguson_2018 iou=0.573, Brattain_2020 iou=0.744, Chimney_2016 iou=0.897, Buck_2017 iou=0.368, Pier_2017 iou=0.631 (1.27s)
10:04:18 [INFO] training:341: Epoch 830: avg=1.7983, best=1.6631, best_iou=0.7400, Bear_2020 iou=0.780, Ferguson_2018 iou=0.599, Brattain_2020 iou=0.749, Chimney_2016 iou=0.812, Buck_2017 iou=0.510, Pier_2017 iou=0.803 (1.28s)
10:05:24 [INFO] training:341: Epoch 840: avg=1.7983, best=1.6631, best_iou=0.7400, Bear_2020 iou=0.777, Ferguson_2018 iou=0.595, Brattain_2020 iou=0.743, Chimney_2016 iou=0.748, Buck_2017 iou=0.649, Pier_2017 iou=0.784 (1.24s)
10:06:29 [INFO] training:341: Epoch 850: avg=1.7692, best=1.6631, best_iou=0.7400, Bear_2020 iou=0.742, Ferguson_2018 iou=0.595, Brattain_2020 iou=0.733, Chimney_2016 iou=0.765, Buck_2017 iou=0.630, Pier_2017 iou=0.639 (1.26s)
10:07:35 [INFO] training:341: Epoch 860: avg=1.7206, best=1.6631, best_iou=0.7400, Bear_2020 iou=0.800, Ferguson_2018 iou=0.600, Brattain_2020 iou=0.750, Chimney_2016 iou=0.699, Buck_2017 iou=0.662, Pier_2017 iou=0.790 (1.23s)
10:08:40 [INFO] training:341: Epoch 870: avg=1.7388, best=1.6529, best_iou=0.7400, Bear_2020 iou=0.813, Ferguson_2018 iou=0.599, Brattain_2020 iou=0.751, Chimney_2016 iou=0.770, Buck_2017 iou=0.629, Pier_2017 iou=0.807 (1.24s)
10:09:45 [INFO] training:341: Epoch 880: avg=1.8202, best=1.6529, best_iou=0.7400, Bear_2020 iou=0.779, Ferguson_2018 iou=0.597, Brattain_2020 iou=0.734, Chimney_2016 iou=0.713, Buck_2017 iou=0.626, Pier_2017 iou=0.803 (1.26s)
10:10:51 [INFO] training:341: Epoch 890: avg=1.6475, best=1.6475, best_iou=0.7400, Bear_2020 iou=0.818, Ferguson_2018 iou=0.600, Brattain_2020 iou=0.754, Chimney_2016 iou=0.650, Buck_2017 iou=0.648, Pier_2017 iou=0.798 (1.24s)
10:11:56 [INFO] training:341: Epoch 900: avg=1.7418, best=1.6475, best_iou=0.7400, Bear_2020 iou=0.770, Ferguson_2018 iou=0.599, Brattain_2020 iou=0.751, Chimney_2016 iou=0.806, Buck_2017 iou=0.635, Pier_2017 iou=0.788 (1.26s)
10:13:09 [INFO] training:341: Epoch 910: avg=1.7501, best=1.6475, best_iou=0.7400, Bear_2020 iou=0.744, Ferguson_2018 iou=0.597, Brattain_2020 iou=0.738, Chimney_2016 iou=0.719, Buck_2017 iou=0.655, Pier_2017 iou=0.798 (1.25s)
10:14:14 [INFO] training:341: Epoch 920: avg=1.7292, best=1.6475, best_iou=0.7400, Bear_2020 iou=0.792, Ferguson_2018 iou=0.603, Brattain_2020 iou=0.746, Chimney_2016 iou=0.732, Buck_2017 iou=0.637, Pier_2017 iou=0.796 (1.24s)
10:15:19 [INFO] training:341: Epoch 930: avg=1.7064, best=1.6475, best_iou=0.7421, Bear_2020 iou=0.812, Ferguson_2018 iou=0.603, Brattain_2020 iou=0.758, Chimney_2016 iou=0.753, Buck_2017 iou=0.595, Pier_2017 iou=0.790 (1.24s)
10:16:25 [INFO] training:341: Epoch 940: avg=1.7127, best=1.6475, best_iou=0.7421, Bear_2020 iou=0.812, Ferguson_2018 iou=0.602, Brattain_2020 iou=0.742, Chimney_2016 iou=0.725, Buck_2017 iou=0.653, Pier_2017 iou=0.806 (1.24s)
10:17:30 [INFO] training:341: Epoch 950: avg=1.7926, best=1.6475, best_iou=0.7421, Bear_2020 iou=0.740, Ferguson_2018 iou=0.583, Brattain_2020 iou=0.733, Chimney_2016 iou=0.865, Buck_2017 iou=0.526, Pier_2017 iou=0.615 (1.25s)
10:18:35 [INFO] training:341: Epoch 960: avg=1.7072, best=1.6475, best_iou=0.7421, Bear_2020 iou=0.816, Ferguson_2018 iou=0.602, Brattain_2020 iou=0.751, Chimney_2016 iou=0.739, Buck_2017 iou=0.659, Pier_2017 iou=0.802 (1.21s)
10:19:40 [INFO] training:341: Epoch 970: avg=1.8957, best=1.6475, best_iou=0.7421, Bear_2020 iou=0.810, Ferguson_2018 iou=0.589, Brattain_2020 iou=0.751, Chimney_2016 iou=0.625, Buck_2017 iou=0.575, Pier_2017 iou=0.795 (1.25s)
10:20:46 [INFO] training:341: Epoch 980: avg=1.7203, best=1.6475, best_iou=0.7421, Bear_2020 iou=0.817, Ferguson_2018 iou=0.607, Brattain_2020 iou=0.756, Chimney_2016 iou=0.730, Buck_2017 iou=0.550, Pier_2017 iou=0.800 (1.27s)
10:21:52 [INFO] training:341: Epoch 990: avg=1.7378, best=1.6475, best_iou=0.7421, Bear_2020 iou=0.812, Ferguson_2018 iou=0.585, Brattain_2020 iou=0.734, Chimney_2016 iou=0.623, Buck_2017 iou=0.637, Pier_2017 iou=0.796 (1.25s)
10:22:57 [INFO] training:341: Epoch 1000: avg=1.8752, best=1.6475, best_iou=0.7421, Bear_2020 iou=0.785, Ferguson_2018 iou=0.598, Brattain_2020 iou=0.750, Chimney_2016 iou=0.700, Buck_2017 iou=0.610, Pier_2017 iou=0.750 (1.24s)
10:24:02 [INFO] training:341: Epoch 1010: avg=1.6879, best=1.6475, best_iou=0.7421, Bear_2020 iou=0.804, Ferguson_2018 iou=0.603, Brattain_2020 iou=0.740, Chimney_2016 iou=0.744, Buck_2017 iou=0.658, Pier_2017 iou=0.786 (1.28s)
10:25:08 [INFO] training:341: Epoch 1020: avg=1.7432, best=1.6475, best_iou=0.7421, Bear_2020 iou=0.812, Ferguson_2018 iou=0.598, Brattain_2020 iou=0.746, Chimney_2016 iou=0.826, Buck_2017 iou=0.519, Pier_2017 iou=0.765 (1.27s)
10:26:13 [INFO] training:341: Epoch 1030: avg=1.7298, best=1.6475, best_iou=0.7421, Bear_2020 iou=0.821, Ferguson_2018 iou=0.604, Brattain_2020 iou=0.736, Chimney_2016 iou=0.741, Buck_2017 iou=0.622, Pier_2017 iou=0.797 (1.26s)
10:27:26 [INFO] training:341: Epoch 1040: avg=1.8899, best=1.6475, best_iou=0.7421, Bear_2020 iou=0.804, Ferguson_2018 iou=0.550, Brattain_2020 iou=0.750, Chimney_2016 iou=0.695, Buck_2017 iou=0.575, Pier_2017 iou=0.795 (1.25s)
10:28:31 [INFO] training:341: Epoch 1050: avg=1.9435, best=1.6475, best_iou=0.7421, Bear_2020 iou=0.823, Ferguson_2018 iou=0.600, Brattain_2020 iou=0.744, Chimney_2016 iou=0.776, Buck_2017 iou=0.575, Pier_2017 iou=0.797 (1.22s)
10:29:37 [INFO] training:341: Epoch 1060: avg=1.7002, best=1.6475, best_iou=0.7421, Bear_2020 iou=0.770, Ferguson_2018 iou=0.599, Brattain_2020 iou=0.743, Chimney_2016 iou=0.761, Buck_2017 iou=0.655, Pier_2017 iou=0.735 (1.23s)
10:30:42 [INFO] training:341: Epoch 1070: avg=1.7597, best=1.6475, best_iou=0.7421, Bear_2020 iou=0.782, Ferguson_2018 iou=0.598, Brattain_2020 iou=0.738, Chimney_2016 iou=0.831, Buck_2017 iou=0.642, Pier_2017 iou=0.791 (1.25s)
10:31:48 [INFO] training:341: Epoch 1080: avg=1.7170, best=1.6475, best_iou=0.7421, Bear_2020 iou=0.674, Ferguson_2018 iou=0.602, Brattain_2020 iou=0.740, Chimney_2016 iou=0.723, Buck_2017 iou=0.649, Pier_2017 iou=0.793 (1.27s)
10:32:53 [INFO] training:341: Epoch 1090: avg=1.6717, best=1.6475, best_iou=0.7421, Bear_2020 iou=0.824, Ferguson_2018 iou=0.603, Brattain_2020 iou=0.753, Chimney_2016 iou=0.629, Buck_2017 iou=0.659, Pier_2017 iou=0.799 (1.24s)
10:33:58 [INFO] training:341: Epoch 1100: avg=1.7795, best=1.6475, best_iou=0.7421, Bear_2020 iou=0.812, Ferguson_2018 iou=0.594, Brattain_2020 iou=0.755, Chimney_2016 iou=0.810, Buck_2017 iou=0.622, Pier_2017 iou=0.675 (1.27s)
10:35:04 [INFO] training:341: Epoch 1110: avg=1.7673, best=1.6475, best_iou=0.7421, Bear_2020 iou=0.682, Ferguson_2018 iou=0.593, Brattain_2020 iou=0.737, Chimney_2016 iou=0.846, Buck_2017 iou=0.441, Pier_2017 iou=0.660 (1.24s)
10:36:09 [INFO] training:341: Epoch 1120: avg=1.6835, best=1.6475, best_iou=0.7421, Bear_2020 iou=0.725, Ferguson_2018 iou=0.611, Brattain_2020 iou=0.751, Chimney_2016 iou=0.713, Buck_2017 iou=0.582, Pier_2017 iou=0.795 (1.30s)
10:37:15 [INFO] training:341: Epoch 1130: avg=1.7619, best=1.6475, best_iou=0.7421, Bear_2020 iou=0.818, Ferguson_2018 iou=0.602, Brattain_2020 iou=0.747, Chimney_2016 iou=0.758, Buck_2017 iou=0.634, Pier_2017 iou=0.809 (1.27s)
10:38:20 [INFO] training:341: Epoch 1140: avg=1.7105, best=1.6475, best_iou=0.7421, Bear_2020 iou=0.819, Ferguson_2018 iou=0.601, Brattain_2020 iou=0.752, Chimney_2016 iou=0.764, Buck_2017 iou=0.659, Pier_2017 iou=0.770 (1.27s)
10:39:25 [INFO] training:341: Epoch 1150: avg=1.6904, best=1.6475, best_iou=0.7421, Bear_2020 iou=0.812, Ferguson_2018 iou=0.606, Brattain_2020 iou=0.755, Chimney_2016 iou=0.732, Buck_2017 iou=0.599, Pier_2017 iou=0.786 (1.28s)
10:40:38 [INFO] training:341: Epoch 1160: avg=1.8732, best=1.6475, best_iou=0.7421, Bear_2020 iou=0.683, Ferguson_2018 iou=0.605, Brattain_2020 iou=0.724, Chimney_2016 iou=0.671, Buck_2017 iou=0.638, Pier_2017 iou=0.808 (1.22s)
10:41:43 [INFO] training:341: Epoch 1170: avg=1.7375, best=1.6475, best_iou=0.7421, Bear_2020 iou=0.821, Ferguson_2018 iou=0.601, Brattain_2020 iou=0.732, Chimney_2016 iou=0.736, Buck_2017 iou=0.589, Pier_2017 iou=0.801 (1.23s)
10:42:49 [INFO] training:341: Epoch 1180: avg=1.7371, best=1.6475, best_iou=0.7421, Bear_2020 iou=0.806, Ferguson_2018 iou=0.603, Brattain_2020 iou=0.740, Chimney_2016 iou=0.821, Buck_2017 iou=0.624, Pier_2017 iou=0.789 (1.24s)
10:43:54 [INFO] training:341: Epoch 1190: avg=1.7245, best=1.6475, best_iou=0.7421, Bear_2020 iou=0.764, Ferguson_2018 iou=0.581, Brattain_2020 iou=0.749, Chimney_2016 iou=0.574, Buck_2017 iou=0.648, Pier_2017 iou=0.790 (1.27s)
10:44:59 [INFO] training:341: Epoch 1200: avg=1.6903, best=1.6475, best_iou=0.7421, Bear_2020 iou=0.813, Ferguson_2018 iou=0.605, Brattain_2020 iou=0.754, Chimney_2016 iou=0.740, Buck_2017 iou=0.645, Pier_2017 iou=0.787 (1.25s)
10:46:05 [INFO] training:341: Epoch 1210: avg=1.7537, best=1.6475, best_iou=0.7421, Bear_2020 iou=0.780, Ferguson_2018 iou=0.600, Brattain_2020 iou=0.750, Chimney_2016 iou=0.691, Buck_2017 iou=0.637, Pier_2017 iou=0.804 (1.25s)
10:47:10 [INFO] training:341: Epoch 1220: avg=1.7680, best=1.6475, best_iou=0.7421, Bear_2020 iou=0.786, Ferguson_2018 iou=0.608, Brattain_2020 iou=0.736, Chimney_2016 iou=0.641, Buck_2017 iou=0.579, Pier_2017 iou=0.798 (1.27s)
10:48:16 [INFO] training:341: Epoch 1230: avg=1.7576, best=1.6475, best_iou=0.7421, Bear_2020 iou=0.811, Ferguson_2018 iou=0.597, Brattain_2020 iou=0.738, Chimney_2016 iou=0.855, Buck_2017 iou=0.650, Pier_2017 iou=0.741 (1.24s)
10:49:22 [INFO] training:341: Epoch 1240: avg=1.7958, best=1.6475, best_iou=0.7421, Bear_2020 iou=0.797, Ferguson_2018 iou=0.598, Brattain_2020 iou=0.735, Chimney_2016 iou=0.829, Buck_2017 iou=0.635, Pier_2017 iou=0.766 (1.24s)
10:50:27 [INFO] training:341: Epoch 1250: avg=1.6927, best=1.6475, best_iou=0.7421, Bear_2020 iou=0.744, Ferguson_2018 iou=0.603, Brattain_2020 iou=0.751, Chimney_2016 iou=0.741, Buck_2017 iou=0.638, Pier_2017 iou=0.798 (1.27s)
10:51:32 [INFO] training:341: Epoch 1260: avg=1.7625, best=1.6475, best_iou=0.7421, Bear_2020 iou=0.744, Ferguson_2018 iou=0.609, Brattain_2020 iou=0.761, Chimney_2016 iou=0.722, Buck_2017 iou=0.578, Pier_2017 iou=0.800 (1.25s)
10:52:38 [INFO] training:341: Epoch 1270: avg=1.9067, best=1.6475, best_iou=0.7421, Bear_2020 iou=0.764, Ferguson_2018 iou=0.599, Brattain_2020 iou=0.760, Chimney_2016 iou=0.814, Buck_2017 iou=0.576, Pier_2017 iou=0.816 (1.27s)
10:53:43 [INFO] training:341: Epoch 1280: avg=1.7354, best=1.6475, best_iou=0.7421, Bear_2020 iou=0.806, Ferguson_2018 iou=0.592, Brattain_2020 iou=0.735, Chimney_2016 iou=0.850, Buck_2017 iou=0.565, Pier_2017 iou=0.696 (1.27s)
10:54:57 [INFO] training:341: Epoch 1290: avg=1.6846, best=1.6475, best_iou=0.7421, Bear_2020 iou=0.790, Ferguson_2018 iou=0.606, Brattain_2020 iou=0.747, Chimney_2016 iou=0.761, Buck_2017 iou=0.594, Pier_2017 iou=0.753 (1.25s)
10:56:02 [INFO] training:341: Epoch 1300: avg=1.7474, best=1.6475, best_iou=0.7421, Bear_2020 iou=0.790, Ferguson_2018 iou=0.598, Brattain_2020 iou=0.752, Chimney_2016 iou=0.812, Buck_2017 iou=0.618, Pier_2017 iou=0.714 (1.29s)
10:57:08 [INFO] training:341: Epoch 1310: avg=1.7712, best=1.6475, best_iou=0.7421, Bear_2020 iou=0.806, Ferguson_2018 iou=0.597, Brattain_2020 iou=0.746, Chimney_2016 iou=0.653, Buck_2017 iou=0.602, Pier_2017 iou=0.777 (1.23s)
10:58:13 [INFO] training:341: Epoch 1320: avg=1.8426, best=1.6475, best_iou=0.7421, Bear_2020 iou=0.809, Ferguson_2018 iou=0.605, Brattain_2020 iou=0.751, Chimney_2016 iou=0.756, Buck_2017 iou=0.590, Pier_2017 iou=0.785 (1.24s)
10:59:19 [INFO] training:341: Epoch 1330: avg=1.7162, best=1.6475, best_iou=0.7421, Bear_2020 iou=0.796, Ferguson_2018 iou=0.607, Brattain_2020 iou=0.760, Chimney_2016 iou=0.785, Buck_2017 iou=0.489, Pier_2017 iou=0.791 (1.21s)
11:00:24 [INFO] training:341: Epoch 1340: avg=1.7986, best=1.6475, best_iou=0.7421, Bear_2020 iou=0.718, Ferguson_2018 iou=0.605, Brattain_2020 iou=0.747, Chimney_2016 iou=0.711, Buck_2017 iou=0.642, Pier_2017 iou=0.805 (1.27s)
11:01:30 [INFO] training:341: Epoch 1350: avg=1.7091, best=1.6475, best_iou=0.7421, Bear_2020 iou=0.803, Ferguson_2018 iou=0.609, Brattain_2020 iou=0.746, Chimney_2016 iou=0.729, Buck_2017 iou=0.623, Pier_2017 iou=0.781 (1.26s)
11:02:37 [INFO] training:341: Epoch 1360: avg=1.7812, best=1.6475, best_iou=0.7421, Bear_2020 iou=0.813, Ferguson_2018 iou=0.610, Brattain_2020 iou=0.757, Chimney_2016 iou=0.717, Buck_2017 iou=0.625, Pier_2017 iou=0.746 (1.26s)
11:03:42 [INFO] training:341: Epoch 1370: avg=1.7583, best=1.6475, best_iou=0.7421, Bear_2020 iou=0.788, Ferguson_2018 iou=0.603, Brattain_2020 iou=0.757, Chimney_2016 iou=0.773, Buck_2017 iou=0.653, Pier_2017 iou=0.804 (1.25s)
11:04:47 [INFO] training:341: Epoch 1380: avg=1.7150, best=1.6475, best_iou=0.7421, Bear_2020 iou=0.798, Ferguson_2018 iou=0.598, Brattain_2020 iou=0.745, Chimney_2016 iou=0.816, Buck_2017 iou=0.628, Pier_2017 iou=0.747 (1.28s)
11:05:53 [INFO] training:341: Epoch 1390: avg=1.7425, best=1.6475, best_iou=0.7421, Bear_2020 iou=0.800, Ferguson_2018 iou=0.603, Brattain_2020 iou=0.746, Chimney_2016 iou=0.758, Buck_2017 iou=0.622, Pier_2017 iou=0.799 (1.26s)
11:06:58 [INFO] training:341: Epoch 1400: avg=1.7210, best=1.6475, best_iou=0.7421, Bear_2020 iou=0.823, Ferguson_2018 iou=0.605, Brattain_2020 iou=0.753, Chimney_2016 iou=0.740, Buck_2017 iou=0.631, Pier_2017 iou=0.735 (1.26s)
11:08:11 [INFO] training:341: Epoch 1410: avg=1.7185, best=1.6475, best_iou=0.7421, Bear_2020 iou=0.825, Ferguson_2018 iou=0.603, Brattain_2020 iou=0.728, Chimney_2016 iou=0.606, Buck_2017 iou=0.665, Pier_2017 iou=0.788 (1.22s)
11:09:17 [INFO] training:341: Epoch 1420: avg=1.8233, best=1.6475, best_iou=0.7421, Bear_2020 iou=0.786, Ferguson_2018 iou=0.610, Brattain_2020 iou=0.749, Chimney_2016 iou=0.842, Buck_2017 iou=0.605, Pier_2017 iou=0.803 (1.25s)
11:10:23 [INFO] training:341: Epoch 1430: avg=1.7418, best=1.6460, best_iou=0.7421, Bear_2020 iou=0.700, Ferguson_2018 iou=0.605, Brattain_2020 iou=0.745, Chimney_2016 iou=0.799, Buck_2017 iou=0.640, Pier_2017 iou=0.787 (1.22s)
11:11:28 [INFO] training:341: Epoch 1440: avg=1.7133, best=1.6460, best_iou=0.7421, Bear_2020 iou=0.816, Ferguson_2018 iou=0.574, Brattain_2020 iou=0.747, Chimney_2016 iou=0.703, Buck_2017 iou=0.610, Pier_2017 iou=0.795 (1.24s)
11:12:34 [INFO] training:341: Epoch 1450: avg=1.7064, best=1.6460, best_iou=0.7421, Bear_2020 iou=0.692, Ferguson_2018 iou=0.608, Brattain_2020 iou=0.736, Chimney_2016 iou=0.733, Buck_2017 iou=0.589, Pier_2017 iou=0.784 (1.27s)
11:13:39 [INFO] training:341: Epoch 1460: avg=1.7177, best=1.6409, best_iou=0.7421, Bear_2020 iou=0.820, Ferguson_2018 iou=0.601, Brattain_2020 iou=0.744, Chimney_2016 iou=0.678, Buck_2017 iou=0.638, Pier_2017 iou=0.799 (1.26s)
11:14:44 [INFO] training:341: Epoch 1470: avg=1.7104, best=1.6409, best_iou=0.7421, Bear_2020 iou=0.763, Ferguson_2018 iou=0.601, Brattain_2020 iou=0.757, Chimney_2016 iou=0.795, Buck_2017 iou=0.647, Pier_2017 iou=0.805 (1.25s)
11:15:50 [INFO] training:341: Epoch 1480: avg=1.7844, best=1.6409, best_iou=0.7421, Bear_2020 iou=0.809, Ferguson_2018 iou=0.609, Brattain_2020 iou=0.749, Chimney_2016 iou=0.826, Buck_2017 iou=0.609, Pier_2017 iou=0.806 (1.25s)
11:16:55 [INFO] training:341: Epoch 1490: avg=1.7144, best=1.6409, best_iou=0.7421, Bear_2020 iou=0.825, Ferguson_2018 iou=0.608, Brattain_2020 iou=0.747, Chimney_2016 iou=0.722, Buck_2017 iou=0.659, Pier_2017 iou=0.800 (1.25s)
11:18:01 [INFO] training:341: Epoch 1500: avg=1.8137, best=1.6409, best_iou=0.7421, Bear_2020 iou=0.792, Ferguson_2018 iou=0.602, Brattain_2020 iou=0.744, Chimney_2016 iou=0.813, Buck_2017 iou=0.608, Pier_2017 iou=0.796 (1.26s)
11:19:06 [INFO] training:341: Epoch 1510: avg=1.7469, best=1.6409, best_iou=0.7421, Bear_2020 iou=0.794, Ferguson_2018 iou=0.598, Brattain_2020 iou=0.743, Chimney_2016 iou=0.843, Buck_2017 iou=0.601, Pier_2017 iou=0.720 (1.24s)
11:20:11 [INFO] training:341: Epoch 1520: avg=1.7519, best=1.6409, best_iou=0.7421, Bear_2020 iou=0.824, Ferguson_2018 iou=0.611, Brattain_2020 iou=0.758, Chimney_2016 iou=0.702, Buck_2017 iou=0.657, Pier_2017 iou=0.802 (1.23s)
11:21:17 [INFO] training:341: Epoch 1530: avg=1.7897, best=1.6409, best_iou=0.7421, Bear_2020 iou=0.752, Ferguson_2018 iou=0.614, Brattain_2020 iou=0.749, Chimney_2016 iou=0.685, Buck_2017 iou=0.621, Pier_2017 iou=0.784 (1.25s)
11:22:31 [INFO] training:341: Epoch 1540: avg=1.7470, best=1.6409, best_iou=0.7421, Bear_2020 iou=0.707, Ferguson_2018 iou=0.608, Brattain_2020 iou=0.748, Chimney_2016 iou=0.727, Buck_2017 iou=0.627, Pier_2017 iou=0.802 (1.24s)
11:23:36 [INFO] training:341: Epoch 1550: avg=1.8150, best=1.6409, best_iou=0.7421, Bear_2020 iou=0.794, Ferguson_2018 iou=0.605, Brattain_2020 iou=0.763, Chimney_2016 iou=0.744, Buck_2017 iou=0.532, Pier_2017 iou=0.799 (1.16s)
11:24:39 [INFO] training:341: Epoch 1560: avg=1.7737, best=1.6409, best_iou=0.7421, Bear_2020 iou=0.717, Ferguson_2018 iou=0.607, Brattain_2020 iou=0.752, Chimney_2016 iou=0.795, Buck_2017 iou=0.654, Pier_2017 iou=0.801 (1.17s)
11:25:44 [INFO] training:341: Epoch 1570: avg=1.7415, best=1.6409, best_iou=0.7442, Bear_2020 iou=0.729, Ferguson_2018 iou=0.599, Brattain_2020 iou=0.738, Chimney_2016 iou=0.691, Buck_2017 iou=0.653, Pier_2017 iou=0.807 (1.22s)
11:26:50 [INFO] training:341: Epoch 1580: avg=1.7183, best=1.6409, best_iou=0.7442, Bear_2020 iou=0.756, Ferguson_2018 iou=0.605, Brattain_2020 iou=0.744, Chimney_2016 iou=0.734, Buck_2017 iou=0.652, Pier_2017 iou=0.742 (1.18s)
11:27:55 [INFO] training:341: Epoch 1590: avg=1.7577, best=1.6409, best_iou=0.7442, Bear_2020 iou=0.823, Ferguson_2018 iou=0.593, Brattain_2020 iou=0.739, Chimney_2016 iou=0.752, Buck_2017 iou=0.641, Pier_2017 iou=0.799 (1.24s)
11:29:00 [INFO] training:341: Epoch 1600: avg=1.7881, best=1.6409, best_iou=0.7442, Bear_2020 iou=0.822, Ferguson_2018 iou=0.603, Brattain_2020 iou=0.748, Chimney_2016 iou=0.715, Buck_2017 iou=0.614, Pier_2017 iou=0.768 (1.20s)
11:30:05 [INFO] training:341: Epoch 1610: avg=1.6832, best=1.6409, best_iou=0.7442, Bear_2020 iou=0.816, Ferguson_2018 iou=0.610, Brattain_2020 iou=0.750, Chimney_2016 iou=0.770, Buck_2017 iou=0.644, Pier_2017 iou=0.784 (1.25s)
11:31:11 [INFO] training:341: Epoch 1620: avg=1.8581, best=1.6409, best_iou=0.7442, Bear_2020 iou=0.699, Ferguson_2018 iou=0.600, Brattain_2020 iou=0.682, Chimney_2016 iou=0.848, Buck_2017 iou=0.632, Pier_2017 iou=0.780 (1.17s)
11:32:16 [INFO] training:341: Epoch 1630: avg=1.7282, best=1.6409, best_iou=0.7442, Bear_2020 iou=0.791, Ferguson_2018 iou=0.608, Brattain_2020 iou=0.761, Chimney_2016 iou=0.757, Buck_2017 iou=0.560, Pier_2017 iou=0.767 (1.25s)
11:33:21 [INFO] training:341: Epoch 1640: avg=1.6847, best=1.6409, best_iou=0.7442, Bear_2020 iou=0.826, Ferguson_2018 iou=0.607, Brattain_2020 iou=0.737, Chimney_2016 iou=0.722, Buck_2017 iou=0.632, Pier_2017 iou=0.805 (1.21s)
11:34:27 [INFO] training:341: Epoch 1650: avg=1.7954, best=1.6409, best_iou=0.7442, Bear_2020 iou=0.823, Ferguson_2018 iou=0.560, Brattain_2020 iou=0.741, Chimney_2016 iou=0.674, Buck_2017 iou=0.556, Pier_2017 iou=0.778 (1.16s)
11:35:39 [INFO] training:341: Epoch 1660: avg=1.7739, best=1.6409, best_iou=0.7442, Bear_2020 iou=0.716, Ferguson_2018 iou=0.621, Brattain_2020 iou=0.732, Chimney_2016 iou=0.558, Buck_2017 iou=0.630, Pier_2017 iou=0.801 (1.17s)
11:36:44 [INFO] training:341: Epoch 1670: avg=1.6957, best=1.6409, best_iou=0.7442, Bear_2020 iou=0.822, Ferguson_2018 iou=0.603, Brattain_2020 iou=0.748, Chimney_2016 iou=0.729, Buck_2017 iou=0.629, Pier_2017 iou=0.801 (1.17s)
11:37:50 [INFO] training:341: Epoch 1680: avg=1.6689, best=1.6409, best_iou=0.7442, Bear_2020 iou=0.792, Ferguson_2018 iou=0.612, Brattain_2020 iou=0.756, Chimney_2016 iou=0.763, Buck_2017 iou=0.644, Pier_2017 iou=0.800 (1.19s)
11:38:55 [INFO] training:341: Epoch 1690: avg=1.6922, best=1.6409, best_iou=0.7442, Bear_2020 iou=0.739, Ferguson_2018 iou=0.604, Brattain_2020 iou=0.747, Chimney_2016 iou=0.672, Buck_2017 iou=0.660, Pier_2017 iou=0.799 (1.17s)
11:40:01 [INFO] training:341: Epoch 1700: avg=1.7107, best=1.6409, best_iou=0.7442, Bear_2020 iou=0.710, Ferguson_2018 iou=0.613, Brattain_2020 iou=0.733, Chimney_2016 iou=0.718, Buck_2017 iou=0.647, Pier_2017 iou=0.808 (1.16s)
11:41:08 [INFO] training:341: Epoch 1710: avg=1.7165, best=1.6409, best_iou=0.7442, Bear_2020 iou=0.824, Ferguson_2018 iou=0.612, Brattain_2020 iou=0.765, Chimney_2016 iou=0.739, Buck_2017 iou=0.647, Pier_2017 iou=0.809 (1.25s)
11:42:12 [INFO] training:341: Epoch 1720: avg=1.7765, best=1.6409, best_iou=0.7442, Bear_2020 iou=0.824, Ferguson_2018 iou=0.584, Brattain_2020 iou=0.762, Chimney_2016 iou=0.733, Buck_2017 iou=0.651, Pier_2017 iou=0.801 (1.21s)
11:43:18 [INFO] training:341: Epoch 1730: avg=1.7769, best=1.6409, best_iou=0.7442, Bear_2020 iou=0.747, Ferguson_2018 iou=0.604, Brattain_2020 iou=0.741, Chimney_2016 iou=0.821, Buck_2017 iou=0.643, Pier_2017 iou=0.767 (1.24s)
11:44:23 [INFO] training:341: Epoch 1740: avg=1.7116, best=1.6409, best_iou=0.7442, Bear_2020 iou=0.745, Ferguson_2018 iou=0.605, Brattain_2020 iou=0.763, Chimney_2016 iou=0.760, Buck_2017 iou=0.620, Pier_2017 iou=0.754 (1.23s)
11:45:28 [INFO] training:341: Epoch 1750: avg=1.7067, best=1.6409, best_iou=0.7442, Bear_2020 iou=0.810, Ferguson_2018 iou=0.610, Brattain_2020 iou=0.744, Chimney_2016 iou=0.767, Buck_2017 iou=0.628, Pier_2017 iou=0.754 (1.25s)
11:46:34 [INFO] training:341: Epoch 1760: avg=1.7761, best=1.6409, best_iou=0.7442, Bear_2020 iou=0.621, Ferguson_2018 iou=0.607, Brattain_2020 iou=0.733, Chimney_2016 iou=0.800, Buck_2017 iou=0.643, Pier_2017 iou=0.787 (1.20s)
11:47:38 [INFO] training:341: Epoch 1770: avg=1.6692, best=1.6409, best_iou=0.7442, Bear_2020 iou=0.769, Ferguson_2018 iou=0.611, Brattain_2020 iou=0.749, Chimney_2016 iou=0.779, Buck_2017 iou=0.643, Pier_2017 iou=0.794 (1.17s)
11:48:44 [INFO] training:341: Epoch 1780: avg=1.7985, best=1.6409, best_iou=0.7442, Bear_2020 iou=0.825, Ferguson_2018 iou=0.607, Brattain_2020 iou=0.744, Chimney_2016 iou=0.782, Buck_2017 iou=0.597, Pier_2017 iou=0.740 (1.22s)
11:49:57 [INFO] training:341: Epoch 1790: avg=1.6715, best=1.6409, best_iou=0.7442, Bear_2020 iou=0.780, Ferguson_2018 iou=0.611, Brattain_2020 iou=0.749, Chimney_2016 iou=0.746, Buck_2017 iou=0.552, Pier_2017 iou=0.761 (1.27s)
11:51:01 [INFO] training:341: Epoch 1800: avg=1.7740, best=1.6409, best_iou=0.7442, Bear_2020 iou=0.826, Ferguson_2018 iou=0.604, Brattain_2020 iou=0.743, Chimney_2016 iou=0.780, Buck_2017 iou=0.627, Pier_2017 iou=0.803 (1.16s)
11:52:08 [INFO] training:341: Epoch 1810: avg=1.7863, best=1.6409, best_iou=0.7442, Bear_2020 iou=0.562, Ferguson_2018 iou=0.579, Brattain_2020 iou=0.692, Chimney_2016 iou=0.651, Buck_2017 iou=0.588, Pier_2017 iou=0.801 (1.17s)
11:53:14 [INFO] training:341: Epoch 1820: avg=1.6899, best=1.6409, best_iou=0.7442, Bear_2020 iou=0.804, Ferguson_2018 iou=0.596, Brattain_2020 iou=0.749, Chimney_2016 iou=0.631, Buck_2017 iou=0.643, Pier_2017 iou=0.793 (1.17s)
11:54:20 [INFO] training:341: Epoch 1830: avg=1.7937, best=1.6409, best_iou=0.7442, Bear_2020 iou=0.779, Ferguson_2018 iou=0.616, Brattain_2020 iou=0.767, Chimney_2016 iou=0.742, Buck_2017 iou=0.592, Pier_2017 iou=0.813 (1.17s)
11:55:24 [INFO] training:341: Epoch 1840: avg=1.7425, best=1.6409, best_iou=0.7442, Bear_2020 iou=0.669, Ferguson_2018 iou=0.603, Brattain_2020 iou=0.735, Chimney_2016 iou=0.783, Buck_2017 iou=0.521, Pier_2017 iou=0.722 (1.24s)
11:56:29 [INFO] training:341: Epoch 1850: avg=1.8114, best=1.6409, best_iou=0.7442, Bear_2020 iou=0.697, Ferguson_2018 iou=0.607, Brattain_2020 iou=0.753, Chimney_2016 iou=0.741, Buck_2017 iou=0.653, Pier_2017 iou=0.805 (1.17s)
11:57:35 [INFO] training:341: Epoch 1860: avg=1.8615, best=1.6409, best_iou=0.7442, Bear_2020 iou=0.767, Ferguson_2018 iou=0.611, Brattain_2020 iou=0.693, Chimney_2016 iou=0.821, Buck_2017 iou=0.405, Pier_2017 iou=0.782 (1.21s)
11:58:40 [INFO] training:341: Epoch 1870: avg=1.6874, best=1.6409, best_iou=0.7442, Bear_2020 iou=0.826, Ferguson_2018 iou=0.610, Brattain_2020 iou=0.755, Chimney_2016 iou=0.758, Buck_2017 iou=0.659, Pier_2017 iou=0.792 (1.22s)
11:59:47 [INFO] training:341: Epoch 1880: avg=1.6764, best=1.6409, best_iou=0.7442, Bear_2020 iou=0.810, Ferguson_2018 iou=0.612, Brattain_2020 iou=0.747, Chimney_2016 iou=0.731, Buck_2017 iou=0.654, Pier_2017 iou=0.806 (1.16s)
12:00:52 [INFO] training:341: Epoch 1890: avg=1.6799, best=1.6409, best_iou=0.7442, Bear_2020 iou=0.816, Ferguson_2018 iou=0.610, Brattain_2020 iou=0.749, Chimney_2016 iou=0.748, Buck_2017 iou=0.653, Pier_2017 iou=0.797 (1.20s)
12:01:55 [INFO] training:341: Epoch 1900: avg=1.7695, best=1.6409, best_iou=0.7442, Bear_2020 iou=0.810, Ferguson_2018 iou=0.607, Brattain_2020 iou=0.761, Chimney_2016 iou=0.771, Buck_2017 iou=0.568, Pier_2017 iou=0.725 (1.16s)
12:03:08 [INFO] training:341: Epoch 1910: avg=1.6886, best=1.6409, best_iou=0.7442, Bear_2020 iou=0.807, Ferguson_2018 iou=0.608, Brattain_2020 iou=0.743, Chimney_2016 iou=0.833, Buck_2017 iou=0.645, Pier_2017 iou=0.768 (1.16s)
12:04:12 [INFO] training:341: Epoch 1920: avg=1.7141, best=1.6409, best_iou=0.7442, Bear_2020 iou=0.732, Ferguson_2018 iou=0.617, Brattain_2020 iou=0.761, Chimney_2016 iou=0.687, Buck_2017 iou=0.606, Pier_2017 iou=0.798 (1.17s)
12:05:17 [INFO] training:341: Epoch 1930: avg=1.6818, best=1.6409, best_iou=0.7442, Bear_2020 iou=0.789, Ferguson_2018 iou=0.601, Brattain_2020 iou=0.748, Chimney_2016 iou=0.740, Buck_2017 iou=0.661, Pier_2017 iou=0.801 (1.17s)
12:06:21 [INFO] training:341: Epoch 1940: avg=1.8743, best=1.6409, best_iou=0.7442, Bear_2020 iou=0.804, Ferguson_2018 iou=0.599, Brattain_2020 iou=0.740, Chimney_2016 iou=0.742, Buck_2017 iou=0.608, Pier_2017 iou=0.799 (1.17s)
12:07:26 [INFO] training:341: Epoch 1950: avg=1.7323, best=1.6409, best_iou=0.7442, Bear_2020 iou=0.743, Ferguson_2018 iou=0.613, Brattain_2020 iou=0.743, Chimney_2016 iou=0.619, Buck_2017 iou=0.606, Pier_2017 iou=0.799 (1.16s)
12:08:30 [INFO] training:341: Epoch 1960: avg=1.7194, best=1.6409, best_iou=0.7442, Bear_2020 iou=0.783, Ferguson_2018 iou=0.619, Brattain_2020 iou=0.763, Chimney_2016 iou=0.744, Buck_2017 iou=0.646, Pier_2017 iou=0.801 (1.16s)
12:09:34 [INFO] training:341: Epoch 1970: avg=1.7637, best=1.6409, best_iou=0.7442, Bear_2020 iou=0.738, Ferguson_2018 iou=0.609, Brattain_2020 iou=0.730, Chimney_2016 iou=0.851, Buck_2017 iou=0.646, Pier_2017 iou=0.795 (1.17s)
12:10:38 [INFO] training:341: Epoch 1980: avg=1.7225, best=1.6409, best_iou=0.7442, Bear_2020 iou=0.744, Ferguson_2018 iou=0.610, Brattain_2020 iou=0.737, Chimney_2016 iou=0.749, Buck_2017 iou=0.657, Pier_2017 iou=0.763 (1.16s)
12:11:43 [INFO] training:341: Epoch 1990: avg=1.7977, best=1.6409, best_iou=0.7442, Bear_2020 iou=0.813, Ferguson_2018 iou=0.613, Brattain_2020 iou=0.763, Chimney_2016 iou=0.709, Buck_2017 iou=0.616, Pier_2017 iou=0.804 (1.16s)
12:12:49 [INFO] training:341: Epoch 2000: avg=1.7332, best=1.6203, best_iou=0.7442, Bear_2020 iou=0.771, Ferguson_2018 iou=0.599, Brattain_2020 iou=0.741, Chimney_2016 iou=0.718, Buck_2017 iou=0.645, Pier_2017 iou=0.799 (1.22s)
12:13:55 [INFO] training:341: Epoch 2010: avg=1.7664, best=1.6203, best_iou=0.7442, Bear_2020 iou=0.815, Ferguson_2018 iou=0.607, Brattain_2020 iou=0.735, Chimney_2016 iou=0.723, Buck_2017 iou=0.652, Pier_2017 iou=0.802 (1.17s)
12:15:02 [INFO] training:341: Epoch 2020: avg=1.7387, best=1.6203, best_iou=0.7442, Bear_2020 iou=0.689, Ferguson_2018 iou=0.622, Brattain_2020 iou=0.735, Chimney_2016 iou=0.723, Buck_2017 iou=0.655, Pier_2017 iou=0.802 (1.26s)
12:16:08 [INFO] training:341: Epoch 2030: avg=1.6532, best=1.6203, best_iou=0.7442, Bear_2020 iou=0.797, Ferguson_2018 iou=0.610, Brattain_2020 iou=0.757, Chimney_2016 iou=0.690, Buck_2017 iou=0.667, Pier_2017 iou=0.802 (1.26s)
12:17:23 [INFO] training:341: Epoch 2040: avg=1.7061, best=1.6203, best_iou=0.7442, Bear_2020 iou=0.784, Ferguson_2018 iou=0.609, Brattain_2020 iou=0.753, Chimney_2016 iou=0.828, Buck_2017 iou=0.638, Pier_2017 iou=0.801 (1.24s)
12:18:28 [INFO] training:341: Epoch 2050: avg=1.7868, best=1.6203, best_iou=0.7442, Bear_2020 iou=0.791, Ferguson_2018 iou=0.616, Brattain_2020 iou=0.748, Chimney_2016 iou=0.834, Buck_2017 iou=0.562, Pier_2017 iou=0.784 (1.16s)
12:19:33 [INFO] training:341: Epoch 2060: avg=1.7244, best=1.6203, best_iou=0.7442, Bear_2020 iou=0.822, Ferguson_2018 iou=0.618, Brattain_2020 iou=0.744, Chimney_2016 iou=0.747, Buck_2017 iou=0.602, Pier_2017 iou=0.808 (1.16s)
12:20:38 [INFO] training:341: Epoch 2070: avg=1.7643, best=1.6203, best_iou=0.7442, Bear_2020 iou=0.742, Ferguson_2018 iou=0.609, Brattain_2020 iou=0.735, Chimney_2016 iou=0.880, Buck_2017 iou=0.530, Pier_2017 iou=0.790 (1.22s)
12:21:43 [INFO] training:341: Epoch 2080: avg=1.7646, best=1.6203, best_iou=0.7442, Bear_2020 iou=0.687, Ferguson_2018 iou=0.622, Brattain_2020 iou=0.769, Chimney_2016 iou=0.713, Buck_2017 iou=0.600, Pier_2017 iou=0.807 (1.20s)
12:22:48 [INFO] training:341: Epoch 2090: avg=1.7154, best=1.6203, best_iou=0.7442, Bear_2020 iou=0.818, Ferguson_2018 iou=0.610, Brattain_2020 iou=0.760, Chimney_2016 iou=0.785, Buck_2017 iou=0.658, Pier_2017 iou=0.806 (1.17s)
12:23:53 [INFO] training:341: Epoch 2100: avg=1.7767, best=1.6203, best_iou=0.7442, Bear_2020 iou=0.732, Ferguson_2018 iou=0.610, Brattain_2020 iou=0.722, Chimney_2016 iou=0.824, Buck_2017 iou=0.653, Pier_2017 iou=0.794 (1.24s)
12:24:57 [INFO] training:341: Epoch 2110: avg=1.7098, best=1.6203, best_iou=0.7442, Bear_2020 iou=0.827, Ferguson_2018 iou=0.607, Brattain_2020 iou=0.752, Chimney_2016 iou=0.784, Buck_2017 iou=0.657, Pier_2017 iou=0.766 (1.16s)
12:26:01 [INFO] training:341: Epoch 2120: avg=1.8612, best=1.6203, best_iou=0.7442, Bear_2020 iou=0.764, Ferguson_2018 iou=0.611, Brattain_2020 iou=0.766, Chimney_2016 iou=0.724, Buck_2017 iou=0.507, Pier_2017 iou=0.778 (1.16s)
12:27:05 [INFO] training:341: Epoch 2130: avg=1.7560, best=1.6203, best_iou=0.7442, Bear_2020 iou=0.763, Ferguson_2018 iou=0.610, Brattain_2020 iou=0.747, Chimney_2016 iou=0.704, Buck_2017 iou=0.672, Pier_2017 iou=0.793 (1.17s)
12:28:08 [INFO] training:341: Epoch 2140: avg=1.6904, best=1.6203, best_iou=0.7442, Bear_2020 iou=0.781, Ferguson_2018 iou=0.613, Brattain_2020 iou=0.748, Chimney_2016 iou=0.800, Buck_2017 iou=0.620, Pier_2017 iou=0.803 (1.17s)
12:29:13 [INFO] training:341: Epoch 2150: avg=1.6983, best=1.6203, best_iou=0.7442, Bear_2020 iou=0.767, Ferguson_2018 iou=0.596, Brattain_2020 iou=0.755, Chimney_2016 iou=0.666, Buck_2017 iou=0.630, Pier_2017 iou=0.803 (1.16s)
12:30:25 [INFO] training:341: Epoch 2160: avg=1.7562, best=1.6203, best_iou=0.7442, Bear_2020 iou=0.826, Ferguson_2018 iou=0.577, Brattain_2020 iou=0.751, Chimney_2016 iou=0.590, Buck_2017 iou=0.635, Pier_2017 iou=0.760 (1.16s)
12:31:29 [INFO] training:341: Epoch 2170: avg=1.6794, best=1.6203, best_iou=0.7442, Bear_2020 iou=0.817, Ferguson_2018 iou=0.611, Brattain_2020 iou=0.755, Chimney_2016 iou=0.648, Buck_2017 iou=0.658, Pier_2017 iou=0.807 (1.17s)
12:32:33 [INFO] training:341: Epoch 2180: avg=1.6613, best=1.6203, best_iou=0.7442, Bear_2020 iou=0.813, Ferguson_2018 iou=0.612, Brattain_2020 iou=0.762, Chimney_2016 iou=0.751, Buck_2017 iou=0.609, Pier_2017 iou=0.802 (1.16s)
12:33:36 [INFO] training:341: Epoch 2190: avg=1.6824, best=1.6203, best_iou=0.7442, Bear_2020 iou=0.818, Ferguson_2018 iou=0.613, Brattain_2020 iou=0.752, Chimney_2016 iou=0.760, Buck_2017 iou=0.664, Pier_2017 iou=0.799 (1.16s)
12:34:40 [INFO] training:341: Epoch 2200: avg=1.7230, best=1.6203, best_iou=0.7442, Bear_2020 iou=0.667, Ferguson_2018 iou=0.613, Brattain_2020 iou=0.751, Chimney_2016 iou=0.750, Buck_2017 iou=0.652, Pier_2017 iou=0.792 (1.13s)
12:35:43 [INFO] training:341: Epoch 2210: avg=1.7623, best=1.6203, best_iou=0.7442, Bear_2020 iou=0.822, Ferguson_2018 iou=0.608, Brattain_2020 iou=0.733, Chimney_2016 iou=0.879, Buck_2017 iou=0.623, Pier_2017 iou=0.742 (1.18s)
12:36:48 [INFO] training:341: Epoch 2220: avg=1.8043, best=1.6203, best_iou=0.7442, Bear_2020 iou=0.559, Ferguson_2018 iou=0.602, Brattain_2020 iou=0.735, Chimney_2016 iou=0.650, Buck_2017 iou=0.601, Pier_2017 iou=0.795 (1.16s)
12:37:52 [INFO] training:341: Epoch 2230: avg=1.6535, best=1.6203, best_iou=0.7442, Bear_2020 iou=0.825, Ferguson_2018 iou=0.610, Brattain_2020 iou=0.744, Chimney_2016 iou=0.699, Buck_2017 iou=0.653, Pier_2017 iou=0.801 (1.17s)
12:38:57 [INFO] training:341: Epoch 2240: avg=1.6586, best=1.6203, best_iou=0.7442, Bear_2020 iou=0.780, Ferguson_2018 iou=0.616, Brattain_2020 iou=0.747, Chimney_2016 iou=0.732, Buck_2017 iou=0.661, Pier_2017 iou=0.809 (1.21s)
12:40:02 [INFO] training:341: Epoch 2250: avg=1.6842, best=1.6203, best_iou=0.7442, Bear_2020 iou=0.809, Ferguson_2018 iou=0.593, Brattain_2020 iou=0.763, Chimney_2016 iou=0.705, Buck_2017 iou=0.653, Pier_2017 iou=0.801 (1.26s)
12:41:08 [INFO] training:341: Epoch 2260: avg=1.7046, best=1.6203, best_iou=0.7442, Bear_2020 iou=0.808, Ferguson_2018 iou=0.605, Brattain_2020 iou=0.749, Chimney_2016 iou=0.556, Buck_2017 iou=0.672, Pier_2017 iou=0.795 (1.17s)
12:42:12 [INFO] training:341: Epoch 2270: avg=1.7270, best=1.6203, best_iou=0.7442, Bear_2020 iou=0.740, Ferguson_2018 iou=0.612, Brattain_2020 iou=0.754, Chimney_2016 iou=0.814, Buck_2017 iou=0.659, Pier_2017 iou=0.772 (1.17s)
12:43:17 [INFO] training:341: Epoch 2280: avg=1.7170, best=1.6203, best_iou=0.7442, Bear_2020 iou=0.820, Ferguson_2018 iou=0.611, Brattain_2020 iou=0.741, Chimney_2016 iou=0.805, Buck_2017 iou=0.627, Pier_2017 iou=0.757 (1.17s)
12:44:31 [INFO] training:341: Epoch 2290: avg=1.6667, best=1.6203, best_iou=0.7442, Bear_2020 iou=0.787, Ferguson_2018 iou=0.612, Brattain_2020 iou=0.749, Chimney_2016 iou=0.693, Buck_2017 iou=0.667, Pier_2017 iou=0.800 (1.17s)
12:45:36 [INFO] training:341: Epoch 2300: avg=1.6783, best=1.6203, best_iou=0.7442, Bear_2020 iou=0.825, Ferguson_2018 iou=0.609, Brattain_2020 iou=0.755, Chimney_2016 iou=0.782, Buck_2017 iou=0.656, Pier_2017 iou=0.745 (1.18s)
12:46:42 [INFO] training:341: Epoch 2310: avg=1.7813, best=1.6203, best_iou=0.7442, Bear_2020 iou=0.687, Ferguson_2018 iou=0.604, Brattain_2020 iou=0.740, Chimney_2016 iou=0.840, Buck_2017 iou=0.643, Pier_2017 iou=0.609 (1.17s)
12:47:47 [INFO] training:341: Epoch 2320: avg=1.7806, best=1.6203, best_iou=0.7442, Bear_2020 iou=0.694, Ferguson_2018 iou=0.599, Brattain_2020 iou=0.757, Chimney_2016 iou=0.742, Buck_2017 iou=0.616, Pier_2017 iou=0.805 (1.16s)
12:48:51 [INFO] training:341: Epoch 2330: avg=1.7061, best=1.6203, best_iou=0.7442, Bear_2020 iou=0.806, Ferguson_2018 iou=0.614, Brattain_2020 iou=0.750, Chimney_2016 iou=0.742, Buck_2017 iou=0.667, Pier_2017 iou=0.779 (1.17s)
12:49:56 [INFO] training:341: Epoch 2340: avg=1.6948, best=1.6203, best_iou=0.7442, Bear_2020 iou=0.796, Ferguson_2018 iou=0.606, Brattain_2020 iou=0.741, Chimney_2016 iou=0.760, Buck_2017 iou=0.528, Pier_2017 iou=0.698 (1.18s)
12:51:01 [INFO] training:341: Epoch 2350: avg=1.7749, best=1.6203, best_iou=0.7442, Bear_2020 iou=0.661, Ferguson_2018 iou=0.592, Brattain_2020 iou=0.753, Chimney_2016 iou=0.610, Buck_2017 iou=0.502, Pier_2017 iou=0.799 (1.17s)
12:52:06 [INFO] training:341: Epoch 2360: avg=1.7674, best=1.6203, best_iou=0.7442, Bear_2020 iou=0.714, Ferguson_2018 iou=0.609, Brattain_2020 iou=0.753, Chimney_2016 iou=0.836, Buck_2017 iou=0.654, Pier_2017 iou=0.802 (1.17s)
12:53:11 [INFO] training:341: Epoch 2370: avg=1.7807, best=1.6203, best_iou=0.7442, Bear_2020 iou=0.806, Ferguson_2018 iou=0.612, Brattain_2020 iou=0.737, Chimney_2016 iou=0.790, Buck_2017 iou=0.635, Pier_2017 iou=0.772 (1.15s)
12:54:17 [INFO] training:341: Epoch 2380: avg=1.6614, best=1.6203, best_iou=0.7442, Bear_2020 iou=0.806, Ferguson_2018 iou=0.616, Brattain_2020 iou=0.745, Chimney_2016 iou=0.729, Buck_2017 iou=0.659, Pier_2017 iou=0.803 (1.18s)
12:55:22 [INFO] training:341: Epoch 2390: avg=1.7128, best=1.6203, best_iou=0.7442, Bear_2020 iou=0.793, Ferguson_2018 iou=0.606, Brattain_2020 iou=0.758, Chimney_2016 iou=0.768, Buck_2017 iou=0.611, Pier_2017 iou=0.805 (1.17s)
12:56:27 [INFO] training:341: Epoch 2400: avg=1.7698, best=1.6203, best_iou=0.7442, Bear_2020 iou=0.807, Ferguson_2018 iou=0.619, Brattain_2020 iou=0.756, Chimney_2016 iou=0.702, Buck_2017 iou=0.656, Pier_2017 iou=0.803 (1.17s)
12:57:40 [INFO] training:341: Epoch 2410: avg=1.6362, best=1.6203, best_iou=0.7477, Bear_2020 iou=0.818, Ferguson_2018 iou=0.625, Brattain_2020 iou=0.763, Chimney_2016 iou=0.729, Buck_2017 iou=0.668, Pier_2017 iou=0.806 (1.16s)
12:58:45 [INFO] training:341: Epoch 2420: avg=1.7456, best=1.6203, best_iou=0.7477, Bear_2020 iou=0.648, Ferguson_2018 iou=0.618, Brattain_2020 iou=0.742, Chimney_2016 iou=0.791, Buck_2017 iou=0.477, Pier_2017 iou=0.796 (1.17s)
12:59:48 [INFO] training:341: Epoch 2430: avg=1.7084, best=1.6203, best_iou=0.7477, Bear_2020 iou=0.719, Ferguson_2018 iou=0.600, Brattain_2020 iou=0.709, Chimney_2016 iou=0.544, Buck_2017 iou=0.637, Pier_2017 iou=0.791 (1.18s)
13:00:53 [INFO] training:341: Epoch 2440: avg=1.8887, best=1.6203, best_iou=0.7477, Bear_2020 iou=0.737, Ferguson_2018 iou=0.604, Brattain_2020 iou=0.734, Chimney_2016 iou=0.894, Buck_2017 iou=0.539, Pier_2017 iou=0.688 (1.16s)
13:01:56 [INFO] training:341: Epoch 2450: avg=1.7670, best=1.6203, best_iou=0.7477, Bear_2020 iou=0.781, Ferguson_2018 iou=0.602, Brattain_2020 iou=0.726, Chimney_2016 iou=0.894, Buck_2017 iou=0.539, Pier_2017 iou=0.723 (1.17s)
13:03:00 [INFO] training:341: Epoch 2460: avg=1.7276, best=1.6203, best_iou=0.7477, Bear_2020 iou=0.714, Ferguson_2018 iou=0.617, Brattain_2020 iou=0.728, Chimney_2016 iou=0.681, Buck_2017 iou=0.643, Pier_2017 iou=0.776 (1.19s)
13:04:04 [INFO] training:341: Epoch 2470: avg=1.7760, best=1.6203, best_iou=0.7477, Bear_2020 iou=0.742, Ferguson_2018 iou=0.613, Brattain_2020 iou=0.761, Chimney_2016 iou=0.794, Buck_2017 iou=0.563, Pier_2017 iou=0.755 (1.18s)
13:05:08 [INFO] training:341: Epoch 2480: avg=1.6412, best=1.6203, best_iou=0.7477, Bear_2020 iou=0.826, Ferguson_2018 iou=0.612, Brattain_2020 iou=0.764, Chimney_2016 iou=0.670, Buck_2017 iou=0.666, Pier_2017 iou=0.805 (1.17s)
13:06:12 [INFO] training:341: Epoch 2490: avg=1.7680, best=1.6203, best_iou=0.7477, Bear_2020 iou=0.794, Ferguson_2018 iou=0.607, Brattain_2020 iou=0.718, Chimney_2016 iou=0.720, Buck_2017 iou=0.627, Pier_2017 iou=0.808 (1.17s)
13:07:16 [INFO] training:341: Epoch 2500: avg=1.8040, best=1.6203, best_iou=0.7477, Bear_2020 iou=0.813, Ferguson_2018 iou=0.601, Brattain_2020 iou=0.748, Chimney_2016 iou=0.706, Buck_2017 iou=0.653, Pier_2017 iou=0.812 (1.16s)
13:08:20 [INFO] training:341: Epoch 2510: avg=1.7816, best=1.6203, best_iou=0.7477, Bear_2020 iou=0.825, Ferguson_2018 iou=0.612, Brattain_2020 iou=0.739, Chimney_2016 iou=0.807, Buck_2017 iou=0.594, Pier_2017 iou=0.797 (1.16s)
13:09:25 [INFO] training:341: Epoch 2520: avg=1.7165, best=1.6203, best_iou=0.7477, Bear_2020 iou=0.790, Ferguson_2018 iou=0.614, Brattain_2020 iou=0.761, Chimney_2016 iou=0.747, Buck_2017 iou=0.651, Pier_2017 iou=0.785 (1.17s)
13:10:28 [INFO] training:341: Epoch 2530: avg=1.7667, best=1.6203, best_iou=0.7477, Bear_2020 iou=0.617, Ferguson_2018 iou=0.591, Brattain_2020 iou=0.726, Chimney_2016 iou=0.563, Buck_2017 iou=0.595, Pier_2017 iou=0.733 (1.16s)
13:11:41 [INFO] training:341: Epoch 2540: avg=1.6841, best=1.6203, best_iou=0.7477, Bear_2020 iou=0.781, Ferguson_2018 iou=0.600, Brattain_2020 iou=0.760, Chimney_2016 iou=0.605, Buck_2017 iou=0.681, Pier_2017 iou=0.795 (1.17s)
13:12:45 [INFO] training:341: Epoch 2550: avg=1.6635, best=1.6203, best_iou=0.7477, Bear_2020 iou=0.828, Ferguson_2018 iou=0.607, Brattain_2020 iou=0.749, Chimney_2016 iou=0.727, Buck_2017 iou=0.638, Pier_2017 iou=0.805 (1.16s)
13:13:49 [INFO] training:341: Epoch 2560: avg=1.6587, best=1.6203, best_iou=0.7477, Bear_2020 iou=0.822, Ferguson_2018 iou=0.612, Brattain_2020 iou=0.735, Chimney_2016 iou=0.586, Buck_2017 iou=0.661, Pier_2017 iou=0.800 (1.16s)
13:14:53 [INFO] training:341: Epoch 2570: avg=1.7117, best=1.6203, best_iou=0.7477, Bear_2020 iou=0.775, Ferguson_2018 iou=0.617, Brattain_2020 iou=0.762, Chimney_2016 iou=0.793, Buck_2017 iou=0.658, Pier_2017 iou=0.791 (1.16s)
13:15:57 [INFO] training:341: Epoch 2580: avg=1.6894, best=1.6203, best_iou=0.7477, Bear_2020 iou=0.734, Ferguson_2018 iou=0.609, Brattain_2020 iou=0.740, Chimney_2016 iou=0.745, Buck_2017 iou=0.652, Pier_2017 iou=0.803 (1.17s)
13:17:02 [INFO] training:341: Epoch 2590: avg=1.6865, best=1.6203, best_iou=0.7477, Bear_2020 iou=0.817, Ferguson_2018 iou=0.617, Brattain_2020 iou=0.756, Chimney_2016 iou=0.795, Buck_2017 iou=0.666, Pier_2017 iou=0.783 (1.16s)
13:18:06 [INFO] training:341: Epoch 2600: avg=1.7324, best=1.6203, best_iou=0.7477, Bear_2020 iou=0.819, Ferguson_2018 iou=0.610, Brattain_2020 iou=0.758, Chimney_2016 iou=0.745, Buck_2017 iou=0.662, Pier_2017 iou=0.807 (1.16s)
13:19:11 [INFO] training:341: Epoch 2610: avg=1.7008, best=1.6203, best_iou=0.7477, Bear_2020 iou=0.729, Ferguson_2018 iou=0.613, Brattain_2020 iou=0.718, Chimney_2016 iou=0.761, Buck_2017 iou=0.561, Pier_2017 iou=0.718 (1.16s)
13:20:17 [INFO] training:341: Epoch 2620: avg=1.7445, best=1.6203, best_iou=0.7477, Bear_2020 iou=0.825, Ferguson_2018 iou=0.619, Brattain_2020 iou=0.729, Chimney_2016 iou=0.715, Buck_2017 iou=0.590, Pier_2017 iou=0.774 (1.17s)
13:21:22 [INFO] training:341: Epoch 2630: avg=1.7333, best=1.6203, best_iou=0.7477, Bear_2020 iou=0.817, Ferguson_2018 iou=0.584, Brattain_2020 iou=0.753, Chimney_2016 iou=0.735, Buck_2017 iou=0.531, Pier_2017 iou=0.798 (1.16s)
13:22:27 [INFO] training:341: Epoch 2640: avg=1.6544, best=1.6203, best_iou=0.7477, Bear_2020 iou=0.719, Ferguson_2018 iou=0.617, Brattain_2020 iou=0.750, Chimney_2016 iou=0.768, Buck_2017 iou=0.647, Pier_2017 iou=0.780 (1.17s)
13:23:33 [INFO] training:341: Epoch 2650: avg=1.8900, best=1.6203, best_iou=0.7477, Bear_2020 iou=0.796, Ferguson_2018 iou=0.605, Brattain_2020 iou=0.706, Chimney_2016 iou=0.818, Buck_2017 iou=0.651, Pier_2017 iou=0.639 (1.17s)
13:24:47 [INFO] training:341: Epoch 2660: avg=1.6563, best=1.6203, best_iou=0.7477, Bear_2020 iou=0.827, Ferguson_2018 iou=0.618, Brattain_2020 iou=0.737, Chimney_2016 iou=0.732, Buck_2017 iou=0.669, Pier_2017 iou=0.807 (1.17s)
13:25:52 [INFO] training:341: Epoch 2670: avg=1.7420, best=1.6203, best_iou=0.7477, Bear_2020 iou=0.762, Ferguson_2018 iou=0.614, Brattain_2020 iou=0.744, Chimney_2016 iou=0.832, Buck_2017 iou=0.472, Pier_2017 iou=0.789 (1.17s)
13:26:57 [INFO] training:341: Epoch 2680: avg=1.7053, best=1.6203, best_iou=0.7477, Bear_2020 iou=0.791, Ferguson_2018 iou=0.608, Brattain_2020 iou=0.740, Chimney_2016 iou=0.681, Buck_2017 iou=0.609, Pier_2017 iou=0.797 (1.17s)
13:28:03 [INFO] training:341: Epoch 2690: avg=1.8147, best=1.6203, best_iou=0.7477, Bear_2020 iou=0.693, Ferguson_2018 iou=0.610, Brattain_2020 iou=0.749, Chimney_2016 iou=0.872, Buck_2017 iou=0.638, Pier_2017 iou=0.748 (1.17s)
13:29:08 [INFO] training:341: Epoch 2700: avg=1.6722, best=1.6203, best_iou=0.7477, Bear_2020 iou=0.825, Ferguson_2018 iou=0.616, Brattain_2020 iou=0.759, Chimney_2016 iou=0.723, Buck_2017 iou=0.660, Pier_2017 iou=0.769 (1.16s)
13:30:13 [INFO] training:341: Epoch 2710: avg=1.7120, best=1.6203, best_iou=0.7477, Bear_2020 iou=0.729, Ferguson_2018 iou=0.617, Brattain_2020 iou=0.758, Chimney_2016 iou=0.806, Buck_2017 iou=0.657, Pier_2017 iou=0.776 (1.17s)
13:31:19 [INFO] training:341: Epoch 2720: avg=1.7239, best=1.6203, best_iou=0.7477, Bear_2020 iou=0.753, Ferguson_2018 iou=0.600, Brattain_2020 iou=0.745, Chimney_2016 iou=0.676, Buck_2017 iou=0.681, Pier_2017 iou=0.802 (1.16s)
13:32:24 [INFO] training:341: Epoch 2730: avg=1.8008, best=1.6203, best_iou=0.7477, Bear_2020 iou=0.798, Ferguson_2018 iou=0.612, Brattain_2020 iou=0.750, Chimney_2016 iou=0.842, Buck_2017 iou=0.596, Pier_2017 iou=0.747 (1.18s)
13:33:29 [INFO] training:341: Epoch 2740: avg=1.6836, best=1.6203, best_iou=0.7477, Bear_2020 iou=0.796, Ferguson_2018 iou=0.620, Brattain_2020 iou=0.762, Chimney_2016 iou=0.744, Buck_2017 iou=0.662, Pier_2017 iou=0.767 (1.17s)
13:34:33 [INFO] training:341: Epoch 2750: avg=1.8150, best=1.6203, best_iou=0.7484, Bear_2020 iou=0.724, Ferguson_2018 iou=0.587, Brattain_2020 iou=0.754, Chimney_2016 iou=0.833, Buck_2017 iou=0.411, Pier_2017 iou=0.641 (1.17s)
13:35:37 [INFO] training:341: Epoch 2760: avg=1.6930, best=1.6203, best_iou=0.7484, Bear_2020 iou=0.673, Ferguson_2018 iou=0.621, Brattain_2020 iou=0.754, Chimney_2016 iou=0.742, Buck_2017 iou=0.618, Pier_2017 iou=0.775 (1.17s)
13:36:41 [INFO] training:341: Epoch 2770: avg=1.7156, best=1.6203, best_iou=0.7484, Bear_2020 iou=0.823, Ferguson_2018 iou=0.618, Brattain_2020 iou=0.746, Chimney_2016 iou=0.713, Buck_2017 iou=0.597, Pier_2017 iou=0.805 (1.18s)
13:37:55 [INFO] training:341: Epoch 2780: avg=1.7019, best=1.6203, best_iou=0.7484, Bear_2020 iou=0.823, Ferguson_2018 iou=0.594, Brattain_2020 iou=0.764, Chimney_2016 iou=0.538, Buck_2017 iou=0.676, Pier_2017 iou=0.788 (1.17s)
13:38:58 [INFO] training:341: Epoch 2790: avg=1.6758, best=1.6203, best_iou=0.7484, Bear_2020 iou=0.807, Ferguson_2018 iou=0.609, Brattain_2020 iou=0.738, Chimney_2016 iou=0.701, Buck_2017 iou=0.669, Pier_2017 iou=0.804 (1.16s)
13:40:03 [INFO] training:341: Epoch 2800: avg=1.7707, best=1.6203, best_iou=0.7484, Bear_2020 iou=0.707, Ferguson_2018 iou=0.617, Brattain_2020 iou=0.749, Chimney_2016 iou=0.809, Buck_2017 iou=0.624, Pier_2017 iou=0.774 (1.16s)
13:41:07 [INFO] training:341: Epoch 2810: avg=1.6816, best=1.6198, best_iou=0.7484, Bear_2020 iou=0.828, Ferguson_2018 iou=0.620, Brattain_2020 iou=0.756, Chimney_2016 iou=0.800, Buck_2017 iou=0.665, Pier_2017 iou=0.799 (1.16s)
13:42:11 [INFO] training:341: Epoch 2820: avg=1.7224, best=1.6099, best_iou=0.7484, Bear_2020 iou=0.779, Ferguson_2018 iou=0.595, Brattain_2020 iou=0.747, Chimney_2016 iou=0.619, Buck_2017 iou=0.647, Pier_2017 iou=0.779 (1.17s)
13:43:15 [INFO] training:341: Epoch 2830: avg=1.6631, best=1.6099, best_iou=0.7484, Bear_2020 iou=0.815, Ferguson_2018 iou=0.624, Brattain_2020 iou=0.752, Chimney_2016 iou=0.733, Buck_2017 iou=0.672, Pier_2017 iou=0.802 (1.17s)
13:44:20 [INFO] training:341: Epoch 2840: avg=1.7135, best=1.6099, best_iou=0.7484, Bear_2020 iou=0.813, Ferguson_2018 iou=0.599, Brattain_2020 iou=0.761, Chimney_2016 iou=0.788, Buck_2017 iou=0.646, Pier_2017 iou=0.815 (1.17s)
13:45:24 [INFO] training:341: Epoch 2850: avg=1.8079, best=1.6099, best_iou=0.7484, Bear_2020 iou=0.820, Ferguson_2018 iou=0.619, Brattain_2020 iou=0.748, Chimney_2016 iou=0.778, Buck_2017 iou=0.634, Pier_2017 iou=0.801 (1.16s)
13:46:28 [INFO] training:341: Epoch 2860: avg=1.7713, best=1.6099, best_iou=0.7484, Bear_2020 iou=0.801, Ferguson_2018 iou=0.471, Brattain_2020 iou=0.766, Chimney_2016 iou=0.480, Buck_2017 iou=0.660, Pier_2017 iou=0.664 (1.17s)
13:47:32 [INFO] training:341: Epoch 2870: avg=1.8587, best=1.6099, best_iou=0.7484, Bear_2020 iou=0.824, Ferguson_2018 iou=0.528, Brattain_2020 iou=0.750, Chimney_2016 iou=0.752, Buck_2017 iou=0.590, Pier_2017 iou=0.716 (1.17s)
13:48:36 [INFO] training:341: Epoch 2880: avg=1.6884, best=1.6099, best_iou=0.7484, Bear_2020 iou=0.812, Ferguson_2018 iou=0.621, Brattain_2020 iou=0.755, Chimney_2016 iou=0.750, Buck_2017 iou=0.566, Pier_2017 iou=0.806 (1.16s)
13:49:40 [INFO] training:341: Epoch 2890: avg=1.7434, best=1.6099, best_iou=0.7484, Bear_2020 iou=0.725, Ferguson_2018 iou=0.619, Brattain_2020 iou=0.760, Chimney_2016 iou=0.829, Buck_2017 iou=0.604, Pier_2017 iou=0.774 (1.16s)
13:50:44 [INFO] training:341: Epoch 2900: avg=1.7113, best=1.6099, best_iou=0.7484, Bear_2020 iou=0.772, Ferguson_2018 iou=0.615, Brattain_2020 iou=0.741, Chimney_2016 iou=0.756, Buck_2017 iou=0.563, Pier_2017 iou=0.751 (1.16s)
13:51:57 [INFO] training:341: Epoch 2910: avg=1.6655, best=1.6099, best_iou=0.7484, Bear_2020 iou=0.829, Ferguson_2018 iou=0.604, Brattain_2020 iou=0.769, Chimney_2016 iou=0.727, Buck_2017 iou=0.654, Pier_2017 iou=0.800 (1.17s)
13:53:02 [INFO] training:341: Epoch 2920: avg=1.6815, best=1.6099, best_iou=0.7484, Bear_2020 iou=0.821, Ferguson_2018 iou=0.622, Brattain_2020 iou=0.756, Chimney_2016 iou=0.781, Buck_2017 iou=0.666, Pier_2017 iou=0.806 (1.17s)
13:54:06 [INFO] training:341: Epoch 2930: avg=1.6587, best=1.6099, best_iou=0.7484, Bear_2020 iou=0.822, Ferguson_2018 iou=0.613, Brattain_2020 iou=0.757, Chimney_2016 iou=0.741, Buck_2017 iou=0.673, Pier_2017 iou=0.807 (1.17s)
13:55:11 [INFO] training:341: Epoch 2940: avg=1.8423, best=1.6099, best_iou=0.7484, Bear_2020 iou=0.812, Ferguson_2018 iou=0.612, Brattain_2020 iou=0.752, Chimney_2016 iou=0.641, Buck_2017 iou=0.624, Pier_2017 iou=0.788 (1.17s)
13:56:16 [INFO] training:341: Epoch 2950: avg=1.7140, best=1.6099, best_iou=0.7484, Bear_2020 iou=0.791, Ferguson_2018 iou=0.616, Brattain_2020 iou=0.756, Chimney_2016 iou=0.788, Buck_2017 iou=0.651, Pier_2017 iou=0.719 (1.17s)
13:57:21 [INFO] training:341: Epoch 2960: avg=1.7502, best=1.6099, best_iou=0.7484, Bear_2020 iou=0.722, Ferguson_2018 iou=0.622, Brattain_2020 iou=0.747, Chimney_2016 iou=0.704, Buck_2017 iou=0.649, Pier_2017 iou=0.807 (1.17s)
13:58:27 [INFO] training:341: Epoch 2970: avg=1.6815, best=1.6093, best_iou=0.7484, Bear_2020 iou=0.779, Ferguson_2018 iou=0.615, Brattain_2020 iou=0.763, Chimney_2016 iou=0.764, Buck_2017 iou=0.598, Pier_2017 iou=0.787 (1.17s)
13:59:32 [INFO] training:341: Epoch 2980: avg=1.6353, best=1.6093, best_iou=0.7484, Bear_2020 iou=0.784, Ferguson_2018 iou=0.624, Brattain_2020 iou=0.761, Chimney_2016 iou=0.705, Buck_2017 iou=0.617, Pier_2017 iou=0.799 (1.15s)
14:00:37 [INFO] training:341: Epoch 2990: avg=1.7208, best=1.6093, best_iou=0.7484, Bear_2020 iou=0.787, Ferguson_2018 iou=0.583, Brattain_2020 iou=0.753, Chimney_2016 iou=0.726, Buck_2017 iou=0.663, Pier_2017 iou=0.799 (1.17s)
14:01:43 [INFO] training:341: Epoch 3000: avg=1.7101, best=1.6093, best_iou=0.7484, Bear_2020 iou=0.619, Ferguson_2018 iou=0.598, Brattain_2020 iou=0.715, Chimney_2016 iou=0.692, Buck_2017 iou=0.644, Pier_2017 iou=0.775 (1.16s)
14:02:48 [INFO] training:341: Epoch 3010: avg=1.6574, best=1.6093, best_iou=0.7484, Bear_2020 iou=0.807, Ferguson_2018 iou=0.615, Brattain_2020 iou=0.757, Chimney_2016 iou=0.713, Buck_2017 iou=0.661, Pier_2017 iou=0.806 (1.17s)
14:03:53 [INFO] training:341: Epoch 3020: avg=1.6563, best=1.6093, best_iou=0.7484, Bear_2020 iou=0.809, Ferguson_2018 iou=0.621, Brattain_2020 iou=0.750, Chimney_2016 iou=0.722, Buck_2017 iou=0.664, Pier_2017 iou=0.806 (1.16s)
14:05:09 [INFO] training:341: Epoch 3030: avg=1.7433, best=1.6093, best_iou=0.7484, Bear_2020 iou=0.816, Ferguson_2018 iou=0.614, Brattain_2020 iou=0.750, Chimney_2016 iou=0.832, Buck_2017 iou=0.648, Pier_2017 iou=0.762 (1.17s)
14:06:15 [INFO] training:341: Epoch 3040: avg=1.7567, best=1.6093, best_iou=0.7484, Bear_2020 iou=0.795, Ferguson_2018 iou=0.604, Brattain_2020 iou=0.763, Chimney_2016 iou=0.638, Buck_2017 iou=0.660, Pier_2017 iou=0.804 (1.16s)
14:07:23 [INFO] training:341: Epoch 3050: avg=1.7844, best=1.6093, best_iou=0.7484, Bear_2020 iou=0.782, Ferguson_2018 iou=0.611, Brattain_2020 iou=0.728, Chimney_2016 iou=0.814, Buck_2017 iou=0.648, Pier_2017 iou=0.674 (1.17s)
14:08:31 [INFO] training:341: Epoch 3060: avg=1.7393, best=1.6093, best_iou=0.7484, Bear_2020 iou=0.795, Ferguson_2018 iou=0.615, Brattain_2020 iou=0.750, Chimney_2016 iou=0.711, Buck_2017 iou=0.625, Pier_2017 iou=0.811 (1.19s)
14:09:40 [INFO] training:341: Epoch 3070: avg=1.8396, best=1.6093, best_iou=0.7484, Bear_2020 iou=0.817, Ferguson_2018 iou=0.610, Brattain_2020 iou=0.736, Chimney_2016 iou=0.829, Buck_2017 iou=0.634, Pier_2017 iou=0.721 (1.16s)
14:10:50 [INFO] training:341: Epoch 3080: avg=1.6470, best=1.6093, best_iou=0.7484, Bear_2020 iou=0.717, Ferguson_2018 iou=0.624, Brattain_2020 iou=0.740, Chimney_2016 iou=0.726, Buck_2017 iou=0.669, Pier_2017 iou=0.806 (1.22s)
14:12:00 [INFO] training:341: Epoch 3090: avg=1.6863, best=1.6093, best_iou=0.7509, Bear_2020 iou=0.756, Ferguson_2018 iou=0.615, Brattain_2020 iou=0.741, Chimney_2016 iou=0.849, Buck_2017 iou=0.659, Pier_2017 iou=0.742 (1.18s)
14:13:04 [INFO] training:341: Epoch 3100: avg=1.7967, best=1.6093, best_iou=0.7509, Bear_2020 iou=0.742, Ferguson_2018 iou=0.587, Brattain_2020 iou=0.758, Chimney_2016 iou=0.686, Buck_2017 iou=0.631, Pier_2017 iou=0.800 (1.17s)
14:14:09 [INFO] training:341: Epoch 3110: avg=1.8211, best=1.6093, best_iou=0.7509, Bear_2020 iou=0.751, Ferguson_2018 iou=0.615, Brattain_2020 iou=0.751, Chimney_2016 iou=0.794, Buck_2017 iou=0.653, Pier_2017 iou=0.809 (1.17s)
14:15:13 [INFO] training:341: Epoch 3120: avg=1.7171, best=1.6093, best_iou=0.7509, Bear_2020 iou=0.760, Ferguson_2018 iou=0.615, Brattain_2020 iou=0.760, Chimney_2016 iou=0.812, Buck_2017 iou=0.663, Pier_2017 iou=0.777 (1.17s)
14:16:17 [INFO] training:341: Epoch 3130: avg=1.6645, best=1.6093, best_iou=0.7509, Bear_2020 iou=0.829, Ferguson_2018 iou=0.619, Brattain_2020 iou=0.753, Chimney_2016 iou=0.760, Buck_2017 iou=0.670, Pier_2017 iou=0.787 (1.17s)
14:17:22 [INFO] training:341: Epoch 3140: avg=1.6794, best=1.6093, best_iou=0.7509, Bear_2020 iou=0.636, Ferguson_2018 iou=0.608, Brattain_2020 iou=0.710, Chimney_2016 iou=0.826, Buck_2017 iou=0.607, Pier_2017 iou=0.681 (1.16s)
14:18:26 [INFO] training:341: Epoch 3150: avg=1.7515, best=1.6093, best_iou=0.7509, Bear_2020 iou=0.755, Ferguson_2018 iou=0.589, Brattain_2020 iou=0.750, Chimney_2016 iou=0.841, Buck_2017 iou=0.464, Pier_2017 iou=0.599 (1.17s)
14:19:40 [INFO] training:341: Epoch 3160: avg=1.7179, best=1.6093, best_iou=0.7509, Bear_2020 iou=0.802, Ferguson_2018 iou=0.619, Brattain_2020 iou=0.768, Chimney_2016 iou=0.749, Buck_2017 iou=0.561, Pier_2017 iou=0.726 (1.16s)
14:20:45 [INFO] training:341: Epoch 3170: avg=1.7865, best=1.6093, best_iou=0.7509, Bear_2020 iou=0.715, Ferguson_2018 iou=0.620, Brattain_2020 iou=0.765, Chimney_2016 iou=0.736, Buck_2017 iou=0.650, Pier_2017 iou=0.809 (1.16s)
14:21:50 [INFO] training:341: Epoch 3180: avg=1.6856, best=1.6093, best_iou=0.7509, Bear_2020 iou=0.826, Ferguson_2018 iou=0.561, Brattain_2020 iou=0.755, Chimney_2016 iou=0.693, Buck_2017 iou=0.587, Pier_2017 iou=0.779 (1.16s)
14:22:54 [INFO] training:341: Epoch 3190: avg=1.6883, best=1.6093, best_iou=0.7509, Bear_2020 iou=0.827, Ferguson_2018 iou=0.598, Brattain_2020 iou=0.768, Chimney_2016 iou=0.700, Buck_2017 iou=0.672, Pier_2017 iou=0.801 (1.17s)
14:24:00 [INFO] training:341: Epoch 3200: avg=1.8373, best=1.6093, best_iou=0.7509, Bear_2020 iou=0.688, Ferguson_2018 iou=0.613, Brattain_2020 iou=0.761, Chimney_2016 iou=0.771, Buck_2017 iou=0.637, Pier_2017 iou=0.712 (1.17s)
14:25:05 [INFO] training:341: Epoch 3210: avg=1.6884, best=1.6093, best_iou=0.7509, Bear_2020 iou=0.802, Ferguson_2018 iou=0.631, Brattain_2020 iou=0.762, Chimney_2016 iou=0.746, Buck_2017 iou=0.656, Pier_2017 iou=0.804 (1.17s)
14:26:12 [INFO] training:341: Epoch 3220: avg=1.6743, best=1.6059, best_iou=0.7509, Bear_2020 iou=0.820, Ferguson_2018 iou=0.616, Brattain_2020 iou=0.750, Chimney_2016 iou=0.731, Buck_2017 iou=0.666, Pier_2017 iou=0.808 (1.17s)
14:27:16 [INFO] training:341: Epoch 3230: avg=1.6687, best=1.6059, best_iou=0.7509, Bear_2020 iou=0.832, Ferguson_2018 iou=0.609, Brattain_2020 iou=0.769, Chimney_2016 iou=0.630, Buck_2017 iou=0.659, Pier_2017 iou=0.804 (1.17s)
14:28:20 [INFO] training:341: Epoch 3240: avg=1.7365, best=1.6059, best_iou=0.7509, Bear_2020 iou=0.761, Ferguson_2018 iou=0.610, Brattain_2020 iou=0.757, Chimney_2016 iou=0.844, Buck_2017 iou=0.472, Pier_2017 iou=0.732 (1.16s)
14:29:24 [INFO] training:341: Epoch 3250: avg=1.7932, best=1.6059, best_iou=0.7509, Bear_2020 iou=0.812, Ferguson_2018 iou=0.613, Brattain_2020 iou=0.746, Chimney_2016 iou=0.863, Buck_2017 iou=0.639, Pier_2017 iou=0.735 (1.16s)
14:30:31 [INFO] training:341: Epoch 3260: avg=1.6179, best=1.6059, best_iou=0.7509, Bear_2020 iou=0.828, Ferguson_2018 iou=0.613, Brattain_2020 iou=0.756, Chimney_2016 iou=0.711, Buck_2017 iou=0.676, Pier_2017 iou=0.807 (1.17s)
14:31:37 [INFO] training:341: Epoch 3270: avg=1.6733, best=1.6059, best_iou=0.7509, Bear_2020 iou=0.777, Ferguson_2018 iou=0.616, Brattain_2020 iou=0.759, Chimney_2016 iou=0.752, Buck_2017 iou=0.670, Pier_2017 iou=0.753 (1.17s)
14:32:51 [INFO] training:341: Epoch 3280: avg=1.7500, best=1.6059, best_iou=0.7509, Bear_2020 iou=0.767, Ferguson_2018 iou=0.612, Brattain_2020 iou=0.757, Chimney_2016 iou=0.850, Buck_2017 iou=0.597, Pier_2017 iou=0.723 (1.17s)
14:33:56 [INFO] training:341: Epoch 3290: avg=1.6664, best=1.6059, best_iou=0.7509, Bear_2020 iou=0.825, Ferguson_2018 iou=0.622, Brattain_2020 iou=0.764, Chimney_2016 iou=0.722, Buck_2017 iou=0.647, Pier_2017 iou=0.788 (1.17s)
14:35:01 [INFO] training:341: Epoch 3300: avg=1.6921, best=1.6059, best_iou=0.7509, Bear_2020 iou=0.827, Ferguson_2018 iou=0.608, Brattain_2020 iou=0.736, Chimney_2016 iou=0.574, Buck_2017 iou=0.672, Pier_2017 iou=0.780 (1.17s)
14:36:07 [INFO] training:341: Epoch 3310: avg=1.6434, best=1.6059, best_iou=0.7509, Bear_2020 iou=0.810, Ferguson_2018 iou=0.632, Brattain_2020 iou=0.761, Chimney_2016 iou=0.716, Buck_2017 iou=0.621, Pier_2017 iou=0.795 (1.17s)
14:37:12 [INFO] training:341: Epoch 3320: avg=1.7169, best=1.6059, best_iou=0.7509, Bear_2020 iou=0.729, Ferguson_2018 iou=0.623, Brattain_2020 iou=0.756, Chimney_2016 iou=0.786, Buck_2017 iou=0.529, Pier_2017 iou=0.803 (1.17s)
14:38:18 [INFO] training:341: Epoch 3330: avg=1.7715, best=1.6059, best_iou=0.7509, Bear_2020 iou=0.801, Ferguson_2018 iou=0.616, Brattain_2020 iou=0.739, Chimney_2016 iou=0.772, Buck_2017 iou=0.669, Pier_2017 iou=0.724 (1.17s)
14:39:23 [INFO] training:341: Epoch 3340: avg=1.6432, best=1.6059, best_iou=0.7509, Bear_2020 iou=0.810, Ferguson_2018 iou=0.626, Brattain_2020 iou=0.757, Chimney_2016 iou=0.747, Buck_2017 iou=0.637, Pier_2017 iou=0.805 (1.17s)
14:40:28 [INFO] training:341: Epoch 3350: avg=1.7339, best=1.6059, best_iou=0.7509, Bear_2020 iou=0.656, Ferguson_2018 iou=0.613, Brattain_2020 iou=0.729, Chimney_2016 iou=0.784, Buck_2017 iou=0.601, Pier_2017 iou=0.700 (1.18s)
14:41:34 [INFO] training:341: Epoch 3360: avg=1.7226, best=1.6059, best_iou=0.7509, Bear_2020 iou=0.819, Ferguson_2018 iou=0.619, Brattain_2020 iou=0.746, Chimney_2016 iou=0.834, Buck_2017 iou=0.656, Pier_2017 iou=0.808 (1.17s)
14:42:39 [INFO] training:341: Epoch 3370: avg=1.7413, best=1.6059, best_iou=0.7509, Bear_2020 iou=0.761, Ferguson_2018 iou=0.585, Brattain_2020 iou=0.681, Chimney_2016 iou=0.899, Buck_2017 iou=0.445, Pier_2017 iou=0.566 (1.17s)
14:43:45 [INFO] training:341: Epoch 3380: avg=1.6709, best=1.6059, best_iou=0.7509, Bear_2020 iou=0.795, Ferguson_2018 iou=0.609, Brattain_2020 iou=0.739, Chimney_2016 iou=0.641, Buck_2017 iou=0.659, Pier_2017 iou=0.798 (1.17s)
14:44:51 [INFO] training:341: Epoch 3390: avg=1.8083, best=1.6059, best_iou=0.7509, Bear_2020 iou=0.741, Ferguson_2018 iou=0.613, Brattain_2020 iou=0.753, Chimney_2016 iou=0.792, Buck_2017 iou=0.565, Pier_2017 iou=0.807 (1.18s)
14:45:58 [INFO] training:341: Epoch 3400: avg=1.6830, best=1.6059, best_iou=0.7509, Bear_2020 iou=0.826, Ferguson_2018 iou=0.613, Brattain_2020 iou=0.750, Chimney_2016 iou=0.728, Buck_2017 iou=0.655, Pier_2017 iou=0.803 (1.16s)
14:47:11 [INFO] training:341: Epoch 3410: avg=1.6587, best=1.6059, best_iou=0.7509, Bear_2020 iou=0.782, Ferguson_2018 iou=0.618, Brattain_2020 iou=0.750, Chimney_2016 iou=0.724, Buck_2017 iou=0.676, Pier_2017 iou=0.807 (1.16s)
14:48:16 [INFO] training:341: Epoch 3420: avg=1.6452, best=1.6059, best_iou=0.7509, Bear_2020 iou=0.695, Ferguson_2018 iou=0.620, Brattain_2020 iou=0.745, Chimney_2016 iou=0.780, Buck_2017 iou=0.592, Pier_2017 iou=0.699 (1.17s)
14:49:21 [INFO] training:341: Epoch 3430: avg=1.6426, best=1.6059, best_iou=0.7509, Bear_2020 iou=0.810, Ferguson_2018 iou=0.626, Brattain_2020 iou=0.739, Chimney_2016 iou=0.753, Buck_2017 iou=0.676, Pier_2017 iou=0.807 (1.17s)
14:50:25 [INFO] training:341: Epoch 3440: avg=1.7155, best=1.6059, best_iou=0.7509, Bear_2020 iou=0.821, Ferguson_2018 iou=0.624, Brattain_2020 iou=0.749, Chimney_2016 iou=0.486, Buck_2017 iou=0.598, Pier_2017 iou=0.775 (1.16s)
14:51:31 [INFO] training:341: Epoch 3450: avg=1.6912, best=1.6059, best_iou=0.7509, Bear_2020 iou=0.820, Ferguson_2018 iou=0.625, Brattain_2020 iou=0.753, Chimney_2016 iou=0.801, Buck_2017 iou=0.662, Pier_2017 iou=0.809 (1.16s)
14:52:35 [INFO] training:341: Epoch 3460: avg=1.7247, best=1.6059, best_iou=0.7509, Bear_2020 iou=0.748, Ferguson_2018 iou=0.620, Brattain_2020 iou=0.758, Chimney_2016 iou=0.791, Buck_2017 iou=0.680, Pier_2017 iou=0.784 (1.16s)
14:53:41 [INFO] training:341: Epoch 3470: avg=1.6827, best=1.6059, best_iou=0.7509, Bear_2020 iou=0.824, Ferguson_2018 iou=0.626, Brattain_2020 iou=0.749, Chimney_2016 iou=0.709, Buck_2017 iou=0.666, Pier_2017 iou=0.797 (1.17s)
14:54:45 [INFO] training:341: Epoch 3480: avg=1.7438, best=1.6059, best_iou=0.7509, Bear_2020 iou=0.765, Ferguson_2018 iou=0.620, Brattain_2020 iou=0.756, Chimney_2016 iou=0.788, Buck_2017 iou=0.642, Pier_2017 iou=0.806 (1.16s)
14:55:50 [INFO] training:341: Epoch 3490: avg=1.6757, best=1.6059, best_iou=0.7509, Bear_2020 iou=0.795, Ferguson_2018 iou=0.615, Brattain_2020 iou=0.758, Chimney_2016 iou=0.789, Buck_2017 iou=0.678, Pier_2017 iou=0.740 (1.16s)
14:56:55 [INFO] training:341: Epoch 3500: avg=1.6493, best=1.6059, best_iou=0.7509, Bear_2020 iou=0.674, Ferguson_2018 iou=0.616, Brattain_2020 iou=0.738, Chimney_2016 iou=0.764, Buck_2017 iou=0.550, Pier_2017 iou=0.687 (1.16s)
14:58:00 [INFO] training:341: Epoch 3510: avg=1.6585, best=1.6059, best_iou=0.7509, Bear_2020 iou=0.810, Ferguson_2018 iou=0.575, Brattain_2020 iou=0.760, Chimney_2016 iou=0.611, Buck_2017 iou=0.679, Pier_2017 iou=0.776 (1.17s)
14:59:05 [INFO] training:341: Epoch 3520: avg=1.7726, best=1.6059, best_iou=0.7509, Bear_2020 iou=0.695, Ferguson_2018 iou=0.618, Brattain_2020 iou=0.751, Chimney_2016 iou=0.729, Buck_2017 iou=0.651, Pier_2017 iou=0.760 (1.17s)
15:00:18 [INFO] training:341: Epoch 3530: avg=1.7462, best=1.6059, best_iou=0.7509, Bear_2020 iou=0.801, Ferguson_2018 iou=0.605, Brattain_2020 iou=0.737, Chimney_2016 iou=0.766, Buck_2017 iou=0.656, Pier_2017 iou=0.800 (1.17s)
15:01:24 [INFO] training:341: Epoch 3540: avg=1.9159, best=1.6059, best_iou=0.7509, Bear_2020 iou=0.786, Ferguson_2018 iou=0.616, Brattain_2020 iou=0.743, Chimney_2016 iou=0.844, Buck_2017 iou=0.628, Pier_2017 iou=0.722 (1.16s)
15:02:28 [INFO] training:341: Epoch 3550: avg=1.7469, best=1.6059, best_iou=0.7509, Bear_2020 iou=0.704, Ferguson_2018 iou=0.612, Brattain_2020 iou=0.758, Chimney_2016 iou=0.712, Buck_2017 iou=0.658, Pier_2017 iou=0.781 (1.16s)
15:03:32 [INFO] training:341: Epoch 3560: avg=1.6403, best=1.6059, best_iou=0.7509, Bear_2020 iou=0.785, Ferguson_2018 iou=0.620, Brattain_2020 iou=0.761, Chimney_2016 iou=0.730, Buck_2017 iou=0.639, Pier_2017 iou=0.801 (1.16s)
15:04:37 [INFO] training:341: Epoch 3570: avg=1.6660, best=1.6059, best_iou=0.7509, Bear_2020 iou=0.818, Ferguson_2018 iou=0.614, Brattain_2020 iou=0.761, Chimney_2016 iou=0.741, Buck_2017 iou=0.621, Pier_2017 iou=0.801 (1.16s)
15:05:42 [INFO] training:341: Epoch 3580: avg=1.6206, best=1.6059, best_iou=0.7509, Bear_2020 iou=0.788, Ferguson_2018 iou=0.625, Brattain_2020 iou=0.754, Chimney_2016 iou=0.709, Buck_2017 iou=0.657, Pier_2017 iou=0.780 (1.16s)
15:06:47 [INFO] training:341: Epoch 3590: avg=1.7493, best=1.6059, best_iou=0.7509, Bear_2020 iou=0.592, Ferguson_2018 iou=0.620, Brattain_2020 iou=0.676, Chimney_2016 iou=0.747, Buck_2017 iou=0.599, Pier_2017 iou=0.746 (1.17s)
15:07:52 [INFO] training:341: Epoch 3600: avg=1.6794, best=1.6059, best_iou=0.7509, Bear_2020 iou=0.815, Ferguson_2018 iou=0.625, Brattain_2020 iou=0.763, Chimney_2016 iou=0.738, Buck_2017 iou=0.576, Pier_2017 iou=0.800 (1.17s)
15:08:57 [INFO] training:341: Epoch 3610: avg=1.8482, best=1.6005, best_iou=0.7509, Bear_2020 iou=0.817, Ferguson_2018 iou=0.608, Brattain_2020 iou=0.752, Chimney_2016 iou=0.724, Buck_2017 iou=0.588, Pier_2017 iou=0.805 (1.17s)
15:10:03 [INFO] training:341: Epoch 3620: avg=1.9078, best=1.6005, best_iou=0.7509, Bear_2020 iou=0.822, Ferguson_2018 iou=0.622, Brattain_2020 iou=0.741, Chimney_2016 iou=0.791, Buck_2017 iou=0.552, Pier_2017 iou=0.785 (1.16s)
15:11:08 [INFO] training:341: Epoch 3630: avg=1.8236, best=1.6005, best_iou=0.7509, Bear_2020 iou=0.826, Ferguson_2018 iou=0.624, Brattain_2020 iou=0.740, Chimney_2016 iou=0.799, Buck_2017 iou=0.623, Pier_2017 iou=0.807 (1.17s)
15:12:14 [INFO] training:341: Epoch 3640: avg=1.6914, best=1.6005, best_iou=0.7509, Bear_2020 iou=0.754, Ferguson_2018 iou=0.604, Brattain_2020 iou=0.750, Chimney_2016 iou=0.739, Buck_2017 iou=0.674, Pier_2017 iou=0.806 (1.17s)
15:13:20 [INFO] training:341: Epoch 3650: avg=1.7229, best=1.6005, best_iou=0.7509, Bear_2020 iou=0.733, Ferguson_2018 iou=0.607, Brattain_2020 iou=0.750, Chimney_2016 iou=0.727, Buck_2017 iou=0.658, Pier_2017 iou=0.801 (1.17s)
15:14:35 [INFO] training:341: Epoch 3660: avg=1.7172, best=1.6005, best_iou=0.7509, Bear_2020 iou=0.655, Ferguson_2018 iou=0.613, Brattain_2020 iou=0.729, Chimney_2016 iou=0.698, Buck_2017 iou=0.659, Pier_2017 iou=0.806 (1.17s)
15:15:40 [INFO] training:341: Epoch 3670: avg=1.8473, best=1.6005, best_iou=0.7509, Bear_2020 iou=0.788, Ferguson_2018 iou=0.615, Brattain_2020 iou=0.750, Chimney_2016 iou=0.742, Buck_2017 iou=0.571, Pier_2017 iou=0.807 (1.17s)
15:16:45 [INFO] training:341: Epoch 3680: avg=1.6831, best=1.6005, best_iou=0.7509, Bear_2020 iou=0.820, Ferguson_2018 iou=0.619, Brattain_2020 iou=0.742, Chimney_2016 iou=0.716, Buck_2017 iou=0.642, Pier_2017 iou=0.745 (1.16s)
15:17:50 [INFO] training:341: Epoch 3690: avg=1.6331, best=1.6005, best_iou=0.7509, Bear_2020 iou=0.770, Ferguson_2018 iou=0.624, Brattain_2020 iou=0.757, Chimney_2016 iou=0.755, Buck_2017 iou=0.569, Pier_2017 iou=0.803 (1.17s)
15:18:56 [INFO] training:341: Epoch 3700: avg=1.6349, best=1.6005, best_iou=0.7509, Bear_2020 iou=0.796, Ferguson_2018 iou=0.615, Brattain_2020 iou=0.760, Chimney_2016 iou=0.600, Buck_2017 iou=0.638, Pier_2017 iou=0.805 (1.17s)
15:20:01 [INFO] training:341: Epoch 3710: avg=1.9005, best=1.6005, best_iou=0.7509, Bear_2020 iou=0.774, Ferguson_2018 iou=0.485, Brattain_2020 iou=0.741, Chimney_2016 iou=0.658, Buck_2017 iou=0.528, Pier_2017 iou=0.601 (1.17s)
15:21:07 [INFO] training:341: Epoch 3720: avg=1.6722, best=1.6005, best_iou=0.7509, Bear_2020 iou=0.732, Ferguson_2018 iou=0.624, Brattain_2020 iou=0.756, Chimney_2016 iou=0.733, Buck_2017 iou=0.676, Pier_2017 iou=0.763 (1.16s)
15:22:12 [INFO] training:341: Epoch 3730: avg=1.7881, best=1.6005, best_iou=0.7509, Bear_2020 iou=0.806, Ferguson_2018 iou=0.623, Brattain_2020 iou=0.744, Chimney_2016 iou=0.748, Buck_2017 iou=0.647, Pier_2017 iou=0.726 (1.16s)
15:23:17 [INFO] training:341: Epoch 3740: avg=1.6054, best=1.6005, best_iou=0.7509, Bear_2020 iou=0.794, Ferguson_2018 iou=0.619, Brattain_2020 iou=0.765, Chimney_2016 iou=0.625, Buck_2017 iou=0.638, Pier_2017 iou=0.800 (1.16s)
15:24:23 [INFO] training:341: Epoch 3750: avg=1.6647, best=1.6005, best_iou=0.7509, Bear_2020 iou=0.802, Ferguson_2018 iou=0.621, Brattain_2020 iou=0.748, Chimney_2016 iou=0.810, Buck_2017 iou=0.644, Pier_2017 iou=0.776 (1.17s)
15:25:29 [INFO] training:341: Epoch 3760: avg=1.6755, best=1.6005, best_iou=0.7509, Bear_2020 iou=0.574, Ferguson_2018 iou=0.603, Brattain_2020 iou=0.746, Chimney_2016 iou=0.718, Buck_2017 iou=0.597, Pier_2017 iou=0.803 (1.17s)
15:26:34 [INFO] training:341: Epoch 3770: avg=1.7104, best=1.6005, best_iou=0.7509, Bear_2020 iou=0.798, Ferguson_2018 iou=0.620, Brattain_2020 iou=0.757, Chimney_2016 iou=0.738, Buck_2017 iou=0.618, Pier_2017 iou=0.801 (1.16s)
15:27:49 [INFO] training:341: Epoch 3780: avg=1.7070, best=1.6005, best_iou=0.7509, Bear_2020 iou=0.803, Ferguson_2018 iou=0.570, Brattain_2020 iou=0.746, Chimney_2016 iou=0.714, Buck_2017 iou=0.618, Pier_2017 iou=0.769 (1.17s)
15:28:53 [INFO] training:341: Epoch 3790: avg=1.6144, best=1.6005, best_iou=0.7509, Bear_2020 iou=0.780, Ferguson_2018 iou=0.619, Brattain_2020 iou=0.758, Chimney_2016 iou=0.720, Buck_2017 iou=0.667, Pier_2017 iou=0.810 (1.17s)
15:30:00 [INFO] training:341: Epoch 3800: avg=1.6822, best=1.6005, best_iou=0.7509, Bear_2020 iou=0.827, Ferguson_2018 iou=0.622, Brattain_2020 iou=0.769, Chimney_2016 iou=0.716, Buck_2017 iou=0.670, Pier_2017 iou=0.807 (1.15s)
15:31:04 [INFO] training:341: Epoch 3810: avg=1.7017, best=1.6005, best_iou=0.7509, Bear_2020 iou=0.797, Ferguson_2018 iou=0.621, Brattain_2020 iou=0.770, Chimney_2016 iou=0.714, Buck_2017 iou=0.641, Pier_2017 iou=0.746 (1.17s)
15:32:09 [INFO] training:341: Epoch 3820: avg=1.6698, best=1.6005, best_iou=0.7509, Bear_2020 iou=0.812, Ferguson_2018 iou=0.629, Brattain_2020 iou=0.757, Chimney_2016 iou=0.738, Buck_2017 iou=0.608, Pier_2017 iou=0.808 (1.17s)
15:33:14 [INFO] training:341: Epoch 3830: avg=1.7120, best=1.6005, best_iou=0.7509, Bear_2020 iou=0.806, Ferguson_2018 iou=0.615, Brattain_2020 iou=0.738, Chimney_2016 iou=0.850, Buck_2017 iou=0.561, Pier_2017 iou=0.679 (1.17s)
15:34:19 [INFO] training:341: Epoch 3840: avg=1.6931, best=1.6005, best_iou=0.7509, Bear_2020 iou=0.719, Ferguson_2018 iou=0.611, Brattain_2020 iou=0.763, Chimney_2016 iou=0.746, Buck_2017 iou=0.633, Pier_2017 iou=0.808 (1.17s)
15:35:24 [INFO] training:341: Epoch 3850: avg=1.6465, best=1.6005, best_iou=0.7509, Bear_2020 iou=0.816, Ferguson_2018 iou=0.624, Brattain_2020 iou=0.756, Chimney_2016 iou=0.780, Buck_2017 iou=0.606, Pier_2017 iou=0.809 (1.18s)
15:36:29 [INFO] training:341: Epoch 3860: avg=1.6541, best=1.6005, best_iou=0.7509, Bear_2020 iou=0.829, Ferguson_2018 iou=0.628, Brattain_2020 iou=0.741, Chimney_2016 iou=0.754, Buck_2017 iou=0.634, Pier_2017 iou=0.806 (1.17s)
15:37:33 [INFO] training:341: Epoch 3870: avg=1.6616, best=1.6005, best_iou=0.7509, Bear_2020 iou=0.679, Ferguson_2018 iou=0.622, Brattain_2020 iou=0.756, Chimney_2016 iou=0.726, Buck_2017 iou=0.637, Pier_2017 iou=0.798 (1.17s)
15:38:38 [INFO] training:341: Epoch 3880: avg=1.7845, best=1.6005, best_iou=0.7509, Bear_2020 iou=0.669, Ferguson_2018 iou=0.587, Brattain_2020 iou=0.739, Chimney_2016 iou=0.548, Buck_2017 iou=0.633, Pier_2017 iou=0.767 (1.17s)
15:39:43 [INFO] training:341: Epoch 3890: avg=1.7102, best=1.6005, best_iou=0.7509, Bear_2020 iou=0.820, Ferguson_2018 iou=0.607, Brattain_2020 iou=0.751, Chimney_2016 iou=0.867, Buck_2017 iou=0.611, Pier_2017 iou=0.647 (1.17s)
15:40:48 [INFO] training:341: Epoch 3900: avg=1.7083, best=1.5990, best_iou=0.7509, Bear_2020 iou=0.810, Ferguson_2018 iou=0.618, Brattain_2020 iou=0.753, Chimney_2016 iou=0.749, Buck_2017 iou=0.676, Pier_2017 iou=0.802 (1.17s)
15:42:03 [INFO] training:341: Epoch 3910: avg=1.7210, best=1.5990, best_iou=0.7509, Bear_2020 iou=0.714, Ferguson_2018 iou=0.623, Brattain_2020 iou=0.757, Chimney_2016 iou=0.742, Buck_2017 iou=0.641, Pier_2017 iou=0.805 (1.17s)
15:43:08 [INFO] training:341: Epoch 3920: avg=1.7120, best=1.5990, best_iou=0.7509, Bear_2020 iou=0.832, Ferguson_2018 iou=0.567, Brattain_2020 iou=0.760, Chimney_2016 iou=0.716, Buck_2017 iou=0.657, Pier_2017 iou=0.805 (1.16s)
15:44:12 [INFO] training:341: Epoch 3930: avg=1.7007, best=1.5990, best_iou=0.7509, Bear_2020 iou=0.769, Ferguson_2018 iou=0.623, Brattain_2020 iou=0.754, Chimney_2016 iou=0.701, Buck_2017 iou=0.679, Pier_2017 iou=0.800 (1.16s)
15:45:17 [INFO] training:341: Epoch 3940: avg=1.7548, best=1.5990, best_iou=0.7509, Bear_2020 iou=0.717, Ferguson_2018 iou=0.621, Brattain_2020 iou=0.754, Chimney_2016 iou=0.789, Buck_2017 iou=0.659, Pier_2017 iou=0.768 (1.17s)
15:46:22 [INFO] training:341: Epoch 3950: avg=1.7116, best=1.5990, best_iou=0.7509, Bear_2020 iou=0.730, Ferguson_2018 iou=0.618, Brattain_2020 iou=0.763, Chimney_2016 iou=0.644, Buck_2017 iou=0.646, Pier_2017 iou=0.809 (1.17s)
15:47:27 [INFO] training:341: Epoch 3960: avg=1.6805, best=1.5990, best_iou=0.7509, Bear_2020 iou=0.821, Ferguson_2018 iou=0.614, Brattain_2020 iou=0.757, Chimney_2016 iou=0.785, Buck_2017 iou=0.596, Pier_2017 iou=0.642 (1.17s)
15:48:33 [INFO] training:341: Epoch 3970: avg=1.6715, best=1.5990, best_iou=0.7509, Bear_2020 iou=0.823, Ferguson_2018 iou=0.606, Brattain_2020 iou=0.731, Chimney_2016 iou=0.703, Buck_2017 iou=0.646, Pier_2017 iou=0.797 (1.17s)
15:49:38 [INFO] training:341: Epoch 3980: avg=1.7651, best=1.5990, best_iou=0.7509, Bear_2020 iou=0.795, Ferguson_2018 iou=0.616, Brattain_2020 iou=0.752, Chimney_2016 iou=0.794, Buck_2017 iou=0.581, Pier_2017 iou=0.715 (1.18s)
15:50:43 [INFO] training:341: Epoch 3990: avg=1.7209, best=1.5990, best_iou=0.7509, Bear_2020 iou=0.817, Ferguson_2018 iou=0.606, Brattain_2020 iou=0.730, Chimney_2016 iou=0.682, Buck_2017 iou=0.616, Pier_2017 iou=0.804 (1.16s)
15:51:49 [INFO] training:341: Epoch 4000: avg=1.7090, best=1.5990, best_iou=0.7509, Bear_2020 iou=0.804, Ferguson_2018 iou=0.593, Brattain_2020 iou=0.753, Chimney_2016 iou=0.557, Buck_2017 iou=0.648, Pier_2017 iou=0.769 (1.17s)
15:52:54 [INFO] training:341: Epoch 4010: avg=1.7255, best=1.5894, best_iou=0.7509, Bear_2020 iou=0.668, Ferguson_2018 iou=0.625, Brattain_2020 iou=0.739, Chimney_2016 iou=0.732, Buck_2017 iou=0.675, Pier_2017 iou=0.809 (1.17s)
15:53:59 [INFO] training:341: Epoch 4020: avg=1.7187, best=1.5894, best_iou=0.7509, Bear_2020 iou=0.736, Ferguson_2018 iou=0.623, Brattain_2020 iou=0.767, Chimney_2016 iou=0.758, Buck_2017 iou=0.666, Pier_2017 iou=0.760 (1.17s)
15:55:14 [INFO] training:341: Epoch 4030: avg=1.6964, best=1.5894, best_iou=0.7509, Bear_2020 iou=0.829, Ferguson_2018 iou=0.592, Brattain_2020 iou=0.749, Chimney_2016 iou=0.654, Buck_2017 iou=0.662, Pier_2017 iou=0.775 (1.18s)
15:56:19 [INFO] training:341: Epoch 4040: avg=1.6056, best=1.5894, best_iou=0.7509, Bear_2020 iou=0.738, Ferguson_2018 iou=0.623, Brattain_2020 iou=0.751, Chimney_2016 iou=0.726, Buck_2017 iou=0.669, Pier_2017 iou=0.808 (1.16s)
15:57:25 [INFO] training:341: Epoch 4050: avg=1.6483, best=1.5894, best_iou=0.7509, Bear_2020 iou=0.829, Ferguson_2018 iou=0.623, Brattain_2020 iou=0.744, Chimney_2016 iou=0.733, Buck_2017 iou=0.637, Pier_2017 iou=0.807 (1.17s)
15:58:33 [INFO] training:341: Epoch 4060: avg=1.7371, best=1.5894, best_iou=0.7509, Bear_2020 iou=0.739, Ferguson_2018 iou=0.619, Brattain_2020 iou=0.759, Chimney_2016 iou=0.820, Buck_2017 iou=0.673, Pier_2017 iou=0.741 (1.16s)
15:59:42 [INFO] training:341: Epoch 4070: avg=1.6715, best=1.5894, best_iou=0.7509, Bear_2020 iou=0.832, Ferguson_2018 iou=0.620, Brattain_2020 iou=0.751, Chimney_2016 iou=0.697, Buck_2017 iou=0.644, Pier_2017 iou=0.804 (1.15s)
16:00:49 [INFO] training:341: Epoch 4080: avg=1.7555, best=1.5894, best_iou=0.7509, Bear_2020 iou=0.829, Ferguson_2018 iou=0.625, Brattain_2020 iou=0.732, Chimney_2016 iou=0.814, Buck_2017 iou=0.614, Pier_2017 iou=0.807 (1.18s)
16:01:57 [INFO] training:341: Epoch 4090: avg=1.6378, best=1.5894, best_iou=0.7509, Bear_2020 iou=0.791, Ferguson_2018 iou=0.627, Brattain_2020 iou=0.756, Chimney_2016 iou=0.775, Buck_2017 iou=0.680, Pier_2017 iou=0.805 (1.16s)
16:03:06 [INFO] training:341: Epoch 4100: avg=1.6869, best=1.5894, best_iou=0.7509, Bear_2020 iou=0.811, Ferguson_2018 iou=0.598, Brattain_2020 iou=0.742, Chimney_2016 iou=0.617, Buck_2017 iou=0.563, Pier_2017 iou=0.769 (1.18s)
16:04:12 [INFO] training:341: Epoch 4110: avg=1.6505, best=1.5894, best_iou=0.7509, Bear_2020 iou=0.702, Ferguson_2018 iou=0.615, Brattain_2020 iou=0.740, Chimney_2016 iou=0.750, Buck_2017 iou=0.579, Pier_2017 iou=0.795 (1.15s)
16:05:23 [INFO] training:341: Epoch 4120: avg=1.7674, best=1.5894, best_iou=0.7509, Bear_2020 iou=0.785, Ferguson_2018 iou=0.620, Brattain_2020 iou=0.723, Chimney_2016 iou=0.845, Buck_2017 iou=0.533, Pier_2017 iou=0.771 (1.17s)
16:06:33 [INFO] training:341: Epoch 4130: avg=1.6761, best=1.5894, best_iou=0.7509, Bear_2020 iou=0.794, Ferguson_2018 iou=0.615, Brattain_2020 iou=0.740, Chimney_2016 iou=0.867, Buck_2017 iou=0.666, Pier_2017 iou=0.717 (1.17s)
16:07:41 [INFO] training:341: Epoch 4140: avg=1.7172, best=1.5894, best_iou=0.7509, Bear_2020 iou=0.812, Ferguson_2018 iou=0.597, Brattain_2020 iou=0.749, Chimney_2016 iou=0.706, Buck_2017 iou=0.672, Pier_2017 iou=0.795 (1.18s)
16:08:48 [INFO] training:341: Epoch 4150: avg=1.6302, best=1.5894, best_iou=0.7509, Bear_2020 iou=0.684, Ferguson_2018 iou=0.630, Brattain_2020 iou=0.754, Chimney_2016 iou=0.724, Buck_2017 iou=0.643, Pier_2017 iou=0.798 (1.17s)
16:10:03 [INFO] training:341: Epoch 4160: avg=1.6162, best=1.5894, best_iou=0.7509, Bear_2020 iou=0.811, Ferguson_2018 iou=0.633, Brattain_2020 iou=0.748, Chimney_2016 iou=0.726, Buck_2017 iou=0.684, Pier_2017 iou=0.805 (1.15s)
16:11:09 [INFO] training:341: Epoch 4170: avg=1.7669, best=1.5894, best_iou=0.7509, Bear_2020 iou=0.800, Ferguson_2018 iou=0.621, Brattain_2020 iou=0.742, Chimney_2016 iou=0.835, Buck_2017 iou=0.675, Pier_2017 iou=0.802 (1.16s)
16:12:15 [INFO] training:341: Epoch 4180: avg=1.6320, best=1.5894, best_iou=0.7509, Bear_2020 iou=0.820, Ferguson_2018 iou=0.631, Brattain_2020 iou=0.740, Chimney_2016 iou=0.719, Buck_2017 iou=0.676, Pier_2017 iou=0.800 (1.16s)
16:13:22 [INFO] training:341: Epoch 4190: avg=1.6643, best=1.5894, best_iou=0.7509, Bear_2020 iou=0.802, Ferguson_2018 iou=0.622, Brattain_2020 iou=0.749, Chimney_2016 iou=0.653, Buck_2017 iou=0.657, Pier_2017 iou=0.801 (1.18s)
16:14:28 [INFO] training:341: Epoch 4200: avg=1.7440, best=1.5894, best_iou=0.7509, Bear_2020 iou=0.749, Ferguson_2018 iou=0.625, Brattain_2020 iou=0.758, Chimney_2016 iou=0.724, Buck_2017 iou=0.672, Pier_2017 iou=0.802 (1.17s)
16:15:34 [INFO] training:341: Epoch 4210: avg=1.8417, best=1.5894, best_iou=0.7509, Bear_2020 iou=0.819, Ferguson_2018 iou=0.600, Brattain_2020 iou=0.744, Chimney_2016 iou=0.894, Buck_2017 iou=0.563, Pier_2017 iou=0.668 (1.15s)
16:16:39 [INFO] training:341: Epoch 4220: avg=1.7489, best=1.5894, best_iou=0.7509, Bear_2020 iou=0.820, Ferguson_2018 iou=0.618, Brattain_2020 iou=0.743, Chimney_2016 iou=0.702, Buck_2017 iou=0.581, Pier_2017 iou=0.801 (1.15s)
16:17:44 [INFO] training:341: Epoch 4230: avg=1.7861, best=1.5894, best_iou=0.7509, Bear_2020 iou=0.831, Ferguson_2018 iou=0.629, Brattain_2020 iou=0.762, Chimney_2016 iou=0.738, Buck_2017 iou=0.669, Pier_2017 iou=0.800 (1.16s)
16:18:50 [INFO] training:341: Epoch 4240: avg=1.6232, best=1.5894, best_iou=0.7509, Bear_2020 iou=0.756, Ferguson_2018 iou=0.627, Brattain_2020 iou=0.767, Chimney_2016 iou=0.729, Buck_2017 iou=0.686, Pier_2017 iou=0.806 (1.15s)
16:19:55 [INFO] training:341: Epoch 4250: avg=1.7498, best=1.5894, best_iou=0.7509, Bear_2020 iou=0.808, Ferguson_2018 iou=0.614, Brattain_2020 iou=0.735, Chimney_2016 iou=0.705, Buck_2017 iou=0.656, Pier_2017 iou=0.799 (1.16s)
16:21:02 [INFO] training:341: Epoch 4260: avg=1.7072, best=1.5894, best_iou=0.7509, Bear_2020 iou=0.669, Ferguson_2018 iou=0.630, Brattain_2020 iou=0.749, Chimney_2016 iou=0.720, Buck_2017 iou=0.634, Pier_2017 iou=0.809 (1.15s)
16:22:06 [INFO] training:341: Epoch 4270: avg=1.7831, best=1.5894, best_iou=0.7509, Bear_2020 iou=0.804, Ferguson_2018 iou=0.622, Brattain_2020 iou=0.744, Chimney_2016 iou=0.861, Buck_2017 iou=0.650, Pier_2017 iou=0.740 (1.17s)
16:23:23 [INFO] training:341: Epoch 4280: avg=1.6691, best=1.5894, best_iou=0.7551, Bear_2020 iou=0.636, Ferguson_2018 iou=0.609, Brattain_2020 iou=0.722, Chimney_2016 iou=0.792, Buck_2017 iou=0.644, Pier_2017 iou=0.796 (1.17s)
16:24:29 [INFO] training:341: Epoch 4290: avg=1.6325, best=1.5894, best_iou=0.7551, Bear_2020 iou=0.804, Ferguson_2018 iou=0.621, Brattain_2020 iou=0.763, Chimney_2016 iou=0.653, Buck_2017 iou=0.685, Pier_2017 iou=0.801 (1.17s)
16:25:37 [INFO] training:341: Epoch 4300: avg=1.7458, best=1.5894, best_iou=0.7551, Bear_2020 iou=0.765, Ferguson_2018 iou=0.626, Brattain_2020 iou=0.766, Chimney_2016 iou=0.746, Buck_2017 iou=0.650, Pier_2017 iou=0.772 (1.17s)
16:26:44 [INFO] training:341: Epoch 4310: avg=1.7126, best=1.5894, best_iou=0.7551, Bear_2020 iou=0.705, Ferguson_2018 iou=0.621, Brattain_2020 iou=0.756, Chimney_2016 iou=0.839, Buck_2017 iou=0.660, Pier_2017 iou=0.779 (1.17s)
16:27:49 [INFO] training:341: Epoch 4320: avg=1.7228, best=1.5894, best_iou=0.7551, Bear_2020 iou=0.826, Ferguson_2018 iou=0.612, Brattain_2020 iou=0.746, Chimney_2016 iou=0.755, Buck_2017 iou=0.677, Pier_2017 iou=0.805 (1.16s)
16:28:57 [INFO] training:341: Epoch 4330: avg=1.6722, best=1.5894, best_iou=0.7551, Bear_2020 iou=0.696, Ferguson_2018 iou=0.626, Brattain_2020 iou=0.764, Chimney_2016 iou=0.795, Buck_2017 iou=0.674, Pier_2017 iou=0.804 (1.17s)
16:30:04 [INFO] training:341: Epoch 4340: avg=1.7302, best=1.5894, best_iou=0.7551, Bear_2020 iou=0.796, Ferguson_2018 iou=0.620, Brattain_2020 iou=0.746, Chimney_2016 iou=0.867, Buck_2017 iou=0.674, Pier_2017 iou=0.720 (1.16s)
16:31:12 [INFO] training:341: Epoch 4350: avg=1.6859, best=1.5882, best_iou=0.7551, Bear_2020 iou=0.779, Ferguson_2018 iou=0.625, Brattain_2020 iou=0.743, Chimney_2016 iou=0.802, Buck_2017 iou=0.643, Pier_2017 iou=0.753 (1.17s)
16:32:19 [INFO] training:341: Epoch 4360: avg=1.7900, best=1.5882, best_iou=0.7551, Bear_2020 iou=0.779, Ferguson_2018 iou=0.631, Brattain_2020 iou=0.767, Chimney_2016 iou=0.635, Buck_2017 iou=0.656, Pier_2017 iou=0.813 (1.18s)
16:33:26 [INFO] training:341: Epoch 4370: avg=1.7872, best=1.5882, best_iou=0.7551, Bear_2020 iou=0.823, Ferguson_2018 iou=0.632, Brattain_2020 iou=0.754, Chimney_2016 iou=0.849, Buck_2017 iou=0.611, Pier_2017 iou=0.805 (1.15s)
16:34:32 [INFO] training:341: Epoch 4380: avg=1.7606, best=1.5882, best_iou=0.7551, Bear_2020 iou=0.792, Ferguson_2018 iou=0.625, Brattain_2020 iou=0.763, Chimney_2016 iou=0.844, Buck_2017 iou=0.519, Pier_2017 iou=0.733 (1.17s)
16:35:39 [INFO] training:341: Epoch 4390: avg=1.6564, best=1.5882, best_iou=0.7551, Bear_2020 iou=0.774, Ferguson_2018 iou=0.626, Brattain_2020 iou=0.755, Chimney_2016 iou=0.711, Buck_2017 iou=0.614, Pier_2017 iou=0.805 (1.17s)
16:36:46 [INFO] training:341: Epoch 4400: avg=1.7467, best=1.5882, best_iou=0.7551, Bear_2020 iou=0.689, Ferguson_2018 iou=0.624, Brattain_2020 iou=0.755, Chimney_2016 iou=0.820, Buck_2017 iou=0.644, Pier_2017 iou=0.810 (1.17s)
16:38:04 [INFO] training:341: Epoch 4410: avg=1.6401, best=1.5882, best_iou=0.7551, Bear_2020 iou=0.811, Ferguson_2018 iou=0.608, Brattain_2020 iou=0.743, Chimney_2016 iou=0.640, Buck_2017 iou=0.611, Pier_2017 iou=0.793 (1.17s)
16:39:12 [INFO] training:341: Epoch 4420: avg=1.6840, best=1.5882, best_iou=0.7551, Bear_2020 iou=0.783, Ferguson_2018 iou=0.635, Brattain_2020 iou=0.766, Chimney_2016 iou=0.749, Buck_2017 iou=0.637, Pier_2017 iou=0.804 (1.15s)
16:40:17 [INFO] training:341: Epoch 4430: avg=1.7776, best=1.5882, best_iou=0.7551, Bear_2020 iou=0.822, Ferguson_2018 iou=0.609, Brattain_2020 iou=0.751, Chimney_2016 iou=0.647, Buck_2017 iou=0.596, Pier_2017 iou=0.800 (1.17s)
16:41:25 [INFO] training:341: Epoch 4440: avg=1.6210, best=1.5882, best_iou=0.7551, Bear_2020 iou=0.795, Ferguson_2018 iou=0.634, Brattain_2020 iou=0.754, Chimney_2016 iou=0.663, Buck_2017 iou=0.689, Pier_2017 iou=0.801 (1.17s)
16:42:32 [INFO] training:341: Epoch 4450: avg=1.7082, best=1.5882, best_iou=0.7551, Bear_2020 iou=0.769, Ferguson_2018 iou=0.628, Brattain_2020 iou=0.749, Chimney_2016 iou=0.703, Buck_2017 iou=0.670, Pier_2017 iou=0.795 (1.16s)
16:43:38 [INFO] training:341: Epoch 4460: avg=1.6685, best=1.5882, best_iou=0.7551, Bear_2020 iou=0.804, Ferguson_2018 iou=0.619, Brattain_2020 iou=0.745, Chimney_2016 iou=0.829, Buck_2017 iou=0.630, Pier_2017 iou=0.704 (1.17s)
16:44:45 [INFO] training:341: Epoch 4470: avg=1.6936, best=1.5882, best_iou=0.7551, Bear_2020 iou=0.825, Ferguson_2018 iou=0.626, Brattain_2020 iou=0.750, Chimney_2016 iou=0.838, Buck_2017 iou=0.673, Pier_2017 iou=0.802 (1.19s)
16:45:49 [INFO] training:341: Epoch 4480: avg=1.6386, best=1.5882, best_iou=0.7551, Bear_2020 iou=0.648, Ferguson_2018 iou=0.632, Brattain_2020 iou=0.755, Chimney_2016 iou=0.662, Buck_2017 iou=0.651, Pier_2017 iou=0.791 (1.15s)
16:46:55 [INFO] training:341: Epoch 4490: avg=1.7031, best=1.5882, best_iou=0.7551, Bear_2020 iou=0.826, Ferguson_2018 iou=0.592, Brattain_2020 iou=0.759, Chimney_2016 iou=0.521, Buck_2017 iou=0.630, Pier_2017 iou=0.634 (1.17s)
16:48:01 [INFO] training:341: Epoch 4500: avg=1.6802, best=1.5882, best_iou=0.7551, Bear_2020 iou=0.793, Ferguson_2018 iou=0.609, Brattain_2020 iou=0.749, Chimney_2016 iou=0.648, Buck_2017 iou=0.629, Pier_2017 iou=0.799 (1.15s)
16:49:05 [INFO] training:341: Epoch 4510: avg=1.6593, best=1.5882, best_iou=0.7551, Bear_2020 iou=0.792, Ferguson_2018 iou=0.619, Brattain_2020 iou=0.752, Chimney_2016 iou=0.808, Buck_2017 iou=0.646, Pier_2017 iou=0.721 (1.15s)
16:50:11 [INFO] training:341: Epoch 4520: avg=1.6112, best=1.5882, best_iou=0.7551, Bear_2020 iou=0.827, Ferguson_2018 iou=0.628, Brattain_2020 iou=0.760, Chimney_2016 iou=0.762, Buck_2017 iou=0.639, Pier_2017 iou=0.794 (1.17s)
16:51:25 [INFO] training:341: Epoch 4530: avg=1.7340, best=1.5882, best_iou=0.7551, Bear_2020 iou=0.818, Ferguson_2018 iou=0.615, Brattain_2020 iou=0.705, Chimney_2016 iou=0.708, Buck_2017 iou=0.669, Pier_2017 iou=0.775 (1.15s)
16:52:31 [INFO] training:341: Epoch 4540: avg=1.6729, best=1.5882, best_iou=0.7551, Bear_2020 iou=0.725, Ferguson_2018 iou=0.632, Brattain_2020 iou=0.760, Chimney_2016 iou=0.733, Buck_2017 iou=0.619, Pier_2017 iou=0.804 (1.14s)
16:53:38 [INFO] training:341: Epoch 4550: avg=1.7826, best=1.5882, best_iou=0.7551, Bear_2020 iou=0.615, Ferguson_2018 iou=0.604, Brattain_2020 iou=0.710, Chimney_2016 iou=0.624, Buck_2017 iou=0.619, Pier_2017 iou=0.801 (1.17s)
16:54:47 [INFO] training:341: Epoch 4560: avg=1.6232, best=1.5882, best_iou=0.7551, Bear_2020 iou=0.802, Ferguson_2018 iou=0.628, Brattain_2020 iou=0.766, Chimney_2016 iou=0.665, Buck_2017 iou=0.579, Pier_2017 iou=0.802 (1.16s)
16:55:57 [INFO] training:341: Epoch 4570: avg=1.9093, best=1.5882, best_iou=0.7551, Bear_2020 iou=0.819, Ferguson_2018 iou=0.605, Brattain_2020 iou=0.741, Chimney_2016 iou=0.794, Buck_2017 iou=0.660, Pier_2017 iou=0.778 (1.17s)
16:57:05 [INFO] training:341: Epoch 4580: avg=1.8880, best=1.5882, best_iou=0.7551, Bear_2020 iou=0.711, Ferguson_2018 iou=0.618, Brattain_2020 iou=0.737, Chimney_2016 iou=0.847, Buck_2017 iou=0.676, Pier_2017 iou=0.734 (1.18s)
16:58:11 [INFO] training:341: Epoch 4590: avg=1.6840, best=1.5882, best_iou=0.7551, Bear_2020 iou=0.765, Ferguson_2018 iou=0.620, Brattain_2020 iou=0.748, Chimney_2016 iou=0.874, Buck_2017 iou=0.474, Pier_2017 iou=0.760 (1.15s)
16:59:18 [INFO] training:341: Epoch 4600: avg=1.8056, best=1.5882, best_iou=0.7551, Bear_2020 iou=0.816, Ferguson_2018 iou=0.570, Brattain_2020 iou=0.754, Chimney_2016 iou=0.727, Buck_2017 iou=0.653, Pier_2017 iou=0.754 (1.19s)
17:00:25 [INFO] training:341: Epoch 4610: avg=1.6951, best=1.5882, best_iou=0.7592, Bear_2020 iou=0.821, Ferguson_2018 iou=0.625, Brattain_2020 iou=0.749, Chimney_2016 iou=0.875, Buck_2017 iou=0.679, Pier_2017 iou=0.805 (1.17s)
17:01:32 [INFO] training:341: Epoch 4620: avg=1.7700, best=1.5882, best_iou=0.7592, Bear_2020 iou=0.810, Ferguson_2018 iou=0.626, Brattain_2020 iou=0.755, Chimney_2016 iou=0.763, Buck_2017 iou=0.639, Pier_2017 iou=0.709 (1.19s)
17:02:38 [INFO] training:341: Epoch 4630: avg=1.6401, best=1.5882, best_iou=0.7592, Bear_2020 iou=0.772, Ferguson_2018 iou=0.630, Brattain_2020 iou=0.758, Chimney_2016 iou=0.787, Buck_2017 iou=0.635, Pier_2017 iou=0.790 (1.18s)
17:03:46 [INFO] training:341: Epoch 4640: avg=1.7310, best=1.5882, best_iou=0.7592, Bear_2020 iou=0.731, Ferguson_2018 iou=0.608, Brattain_2020 iou=0.755, Chimney_2016 iou=0.774, Buck_2017 iou=0.595, Pier_2017 iou=0.597 (1.20s)
17:05:05 [INFO] training:341: Epoch 4650: avg=1.6668, best=1.5869, best_iou=0.7592, Bear_2020 iou=0.830, Ferguson_2018 iou=0.629, Brattain_2020 iou=0.768, Chimney_2016 iou=0.709, Buck_2017 iou=0.682, Pier_2017 iou=0.803 (1.18s)
17:06:15 [INFO] training:341: Epoch 4660: avg=1.6187, best=1.5869, best_iou=0.7592, Bear_2020 iou=0.709, Ferguson_2018 iou=0.630, Brattain_2020 iou=0.742, Chimney_2016 iou=0.696, Buck_2017 iou=0.658, Pier_2017 iou=0.807 (1.19s)
17:07:26 [INFO] training:341: Epoch 4670: avg=1.6665, best=1.5687, best_iou=0.7592, Bear_2020 iou=0.822, Ferguson_2018 iou=0.627, Brattain_2020 iou=0.749, Chimney_2016 iou=0.763, Buck_2017 iou=0.585, Pier_2017 iou=0.766 (1.18s)
17:08:36 [INFO] training:341: Epoch 4680: avg=1.7357, best=1.5687, best_iou=0.7592, Bear_2020 iou=0.783, Ferguson_2018 iou=0.604, Brattain_2020 iou=0.767, Chimney_2016 iou=0.707, Buck_2017 iou=0.679, Pier_2017 iou=0.806 (1.19s)
17:09:44 [INFO] training:341: Epoch 4690: avg=1.6171, best=1.5687, best_iou=0.7592, Bear_2020 iou=0.813, Ferguson_2018 iou=0.631, Brattain_2020 iou=0.763, Chimney_2016 iou=0.740, Buck_2017 iou=0.617, Pier_2017 iou=0.782 (1.17s)
17:10:52 [INFO] training:341: Epoch 4700: avg=1.6079, best=1.5687, best_iou=0.7592, Bear_2020 iou=0.778, Ferguson_2018 iou=0.625, Brattain_2020 iou=0.755, Chimney_2016 iou=0.729, Buck_2017 iou=0.609, Pier_2017 iou=0.735 (1.16s)
17:12:00 [INFO] training:341: Epoch 4710: avg=1.6260, best=1.5687, best_iou=0.7592, Bear_2020 iou=0.823, Ferguson_2018 iou=0.629, Brattain_2020 iou=0.759, Chimney_2016 iou=0.741, Buck_2017 iou=0.670, Pier_2017 iou=0.780 (1.17s)
17:13:08 [INFO] training:341: Epoch 4720: avg=1.6865, best=1.5687, best_iou=0.7592, Bear_2020 iou=0.813, Ferguson_2018 iou=0.629, Brattain_2020 iou=0.768, Chimney_2016 iou=0.672, Buck_2017 iou=0.683, Pier_2017 iou=0.776 (1.17s)
17:14:15 [INFO] training:341: Epoch 4730: avg=1.7136, best=1.5687, best_iou=0.7592, Bear_2020 iou=0.766, Ferguson_2018 iou=0.615, Brattain_2020 iou=0.752, Chimney_2016 iou=0.792, Buck_2017 iou=0.578, Pier_2017 iou=0.680 (1.19s)
17:15:23 [INFO] training:341: Epoch 4740: avg=1.7024, best=1.5687, best_iou=0.7592, Bear_2020 iou=0.814, Ferguson_2018 iou=0.611, Brattain_2020 iou=0.760, Chimney_2016 iou=0.836, Buck_2017 iou=0.622, Pier_2017 iou=0.651 (1.18s)
17:16:32 [INFO] training:341: Epoch 4750: avg=1.7778, best=1.5687, best_iou=0.7592, Bear_2020 iou=0.827, Ferguson_2018 iou=0.596, Brattain_2020 iou=0.720, Chimney_2016 iou=0.668, Buck_2017 iou=0.636, Pier_2017 iou=0.803 (1.20s)
17:17:39 [INFO] training:341: Epoch 4760: avg=1.7437, best=1.5687, best_iou=0.7592, Bear_2020 iou=0.828, Ferguson_2018 iou=0.624, Brattain_2020 iou=0.744, Chimney_2016 iou=0.819, Buck_2017 iou=0.616, Pier_2017 iou=0.773 (1.17s)
17:18:49 [INFO] training:341: Epoch 4770: avg=1.8108, best=1.5687, best_iou=0.7592, Bear_2020 iou=0.805, Ferguson_2018 iou=0.622, Brattain_2020 iou=0.742, Chimney_2016 iou=0.719, Buck_2017 iou=0.626, Pier_2017 iou=0.800 (1.19s)
17:20:07 [INFO] training:341: Epoch 4780: avg=1.7692, best=1.5687, best_iou=0.7592, Bear_2020 iou=0.820, Ferguson_2018 iou=0.627, Brattain_2020 iou=0.732, Chimney_2016 iou=0.791, Buck_2017 iou=0.584, Pier_2017 iou=0.807 (1.17s)
17:21:14 [INFO] training:341: Epoch 4790: avg=1.6757, best=1.5687, best_iou=0.7592, Bear_2020 iou=0.786, Ferguson_2018 iou=0.630, Brattain_2020 iou=0.748, Chimney_2016 iou=0.666, Buck_2017 iou=0.678, Pier_2017 iou=0.804 (1.16s)
17:22:22 [INFO] training:341: Epoch 4800: avg=1.6233, best=1.5687, best_iou=0.7592, Bear_2020 iou=0.825, Ferguson_2018 iou=0.631, Brattain_2020 iou=0.760, Chimney_2016 iou=0.761, Buck_2017 iou=0.692, Pier_2017 iou=0.794 (1.20s)
17:23:29 [INFO] training:341: Epoch 4810: avg=1.7115, best=1.5687, best_iou=0.7592, Bear_2020 iou=0.717, Ferguson_2018 iou=0.622, Brattain_2020 iou=0.745, Chimney_2016 iou=0.832, Buck_2017 iou=0.660, Pier_2017 iou=0.722 (1.17s)
17:24:36 [INFO] training:341: Epoch 4820: avg=1.6333, best=1.5687, best_iou=0.7592, Bear_2020 iou=0.819, Ferguson_2018 iou=0.625, Brattain_2020 iou=0.763, Chimney_2016 iou=0.788, Buck_2017 iou=0.659, Pier_2017 iou=0.710 (1.18s)
17:25:41 [INFO] training:341: Epoch 4830: avg=1.6623, best=1.5687, best_iou=0.7592, Bear_2020 iou=0.787, Ferguson_2018 iou=0.628, Brattain_2020 iou=0.757, Chimney_2016 iou=0.744, Buck_2017 iou=0.643, Pier_2017 iou=0.804 (1.17s)
17:26:48 [INFO] training:341: Epoch 4840: avg=1.6886, best=1.5687, best_iou=0.7592, Bear_2020 iou=0.823, Ferguson_2018 iou=0.605, Brattain_2020 iou=0.732, Chimney_2016 iou=0.677, Buck_2017 iou=0.673, Pier_2017 iou=0.806 (1.16s)
17:27:53 [INFO] training:341: Epoch 4850: avg=1.7159, best=1.5687, best_iou=0.7592, Bear_2020 iou=0.820, Ferguson_2018 iou=0.607, Brattain_2020 iou=0.740, Chimney_2016 iou=0.504, Buck_2017 iou=0.676, Pier_2017 iou=0.767 (1.17s)
17:28:59 [INFO] training:341: Epoch 4860: avg=1.7979, best=1.5687, best_iou=0.7592, Bear_2020 iou=0.721, Ferguson_2018 iou=0.627, Brattain_2020 iou=0.727, Chimney_2016 iou=0.750, Buck_2017 iou=0.687, Pier_2017 iou=0.782 (1.17s)
17:30:05 [INFO] training:341: Epoch 4870: avg=1.6236, best=1.5687, best_iou=0.7592, Bear_2020 iou=0.812, Ferguson_2018 iou=0.617, Brattain_2020 iou=0.760, Chimney_2016 iou=0.624, Buck_2017 iou=0.677, Pier_2017 iou=0.803 (1.17s)
17:31:10 [INFO] training:341: Epoch 4880: avg=1.7205, best=1.5687, best_iou=0.7592, Bear_2020 iou=0.710, Ferguson_2018 iou=0.624, Brattain_2020 iou=0.753, Chimney_2016 iou=0.733, Buck_2017 iou=0.693, Pier_2017 iou=0.798 (1.16s)
17:32:15 [INFO] training:341: Epoch 4890: avg=1.5970, best=1.5687, best_iou=0.7592, Bear_2020 iou=0.756, Ferguson_2018 iou=0.638, Brattain_2020 iou=0.761, Chimney_2016 iou=0.761, Buck_2017 iou=0.578, Pier_2017 iou=0.801 (1.17s)
17:33:31 [INFO] training:341: Epoch 4900: avg=1.6874, best=1.5687, best_iou=0.7592, Bear_2020 iou=0.798, Ferguson_2018 iou=0.624, Brattain_2020 iou=0.765, Chimney_2016 iou=0.771, Buck_2017 iou=0.681, Pier_2017 iou=0.734 (1.18s)
17:34:37 [INFO] training:341: Epoch 4910: avg=1.6708, best=1.5687, best_iou=0.7592, Bear_2020 iou=0.755, Ferguson_2018 iou=0.625, Brattain_2020 iou=0.741, Chimney_2016 iou=0.827, Buck_2017 iou=0.682, Pier_2017 iou=0.743 (1.18s)
17:35:43 [INFO] training:341: Epoch 4920: avg=1.7441, best=1.5687, best_iou=0.7592, Bear_2020 iou=0.763, Ferguson_2018 iou=0.628, Brattain_2020 iou=0.690, Chimney_2016 iou=0.875, Buck_2017 iou=0.495, Pier_2017 iou=0.799 (1.18s)
17:36:48 [INFO] training:341: Epoch 4930: avg=1.7500, best=1.5687, best_iou=0.7592, Bear_2020 iou=0.814, Ferguson_2018 iou=0.606, Brattain_2020 iou=0.745, Chimney_2016 iou=0.502, Buck_2017 iou=0.631, Pier_2017 iou=0.750 (1.18s)
17:37:53 [INFO] training:341: Epoch 4940: avg=1.6208, best=1.5687, best_iou=0.7592, Bear_2020 iou=0.822, Ferguson_2018 iou=0.623, Brattain_2020 iou=0.764, Chimney_2016 iou=0.686, Buck_2017 iou=0.690, Pier_2017 iou=0.800 (1.18s)
17:38:58 [INFO] training:341: Epoch 4950: avg=1.6121, best=1.5687, best_iou=0.7592, Bear_2020 iou=0.735, Ferguson_2018 iou=0.633, Brattain_2020 iou=0.761, Chimney_2016 iou=0.638, Buck_2017 iou=0.672, Pier_2017 iou=0.773 (1.17s)
17:40:04 [INFO] training:341: Epoch 4960: avg=1.7195, best=1.5687, best_iou=0.7592, Bear_2020 iou=0.744, Ferguson_2018 iou=0.631, Brattain_2020 iou=0.769, Chimney_2016 iou=0.691, Buck_2017 iou=0.692, Pier_2017 iou=0.816 (1.18s)
17:41:09 [INFO] training:341: Epoch 4970: avg=1.6772, best=1.5687, best_iou=0.7592, Bear_2020 iou=0.814, Ferguson_2018 iou=0.627, Brattain_2020 iou=0.753, Chimney_2016 iou=0.811, Buck_2017 iou=0.541, Pier_2017 iou=0.804 (1.19s)
17:42:15 [INFO] training:341: Epoch 4980: avg=1.6347, best=1.5687, best_iou=0.7592, Bear_2020 iou=0.762, Ferguson_2018 iou=0.627, Brattain_2020 iou=0.747, Chimney_2016 iou=0.799, Buck_2017 iou=0.581, Pier_2017 iou=0.790 (1.18s)
17:43:22 [INFO] training:341: Epoch 4990: avg=1.6575, best=1.5687, best_iou=0.7592, Bear_2020 iou=0.652, Ferguson_2018 iou=0.610, Brattain_2020 iou=0.710, Chimney_2016 iou=0.870, Buck_2017 iou=0.386, Pier_2017 iou=0.640 (1.17s)
17:44:22 [INFO] training:341: Epoch 4999: avg=1.6133, best=1.5687, best_iou=0.7592, Bear_2020 iou=0.824, Ferguson_2018 iou=0.631, Brattain_2020 iou=0.758, Chimney_2016 iou=0.782, Buck_2017 iou=0.626, Pier_2017 iou=0.806 (1.19s)
17:44:22 [INFO] training:354: ----------------------------------------------------------------------
17:44:22 [INFO] training:355: best_loss.eqx  — loss: 1.568716, iou: 0.7021
17:44:22 [INFO] training:356: best_iou.eqx   — loss: 1.695143, iou: 0.7592
17:44:22 [INFO] __main__:77: Total time: 09:08:40
17:44:22 [INFO] __main__:78: Results saved to: result/prob_nn_03_01_08_35
